ticker,date,datetime,surprise_pct,is_estimated,source
LW,2026-09-30,2026-09-30 08:00:00-04:00,,True,yfinance
LW,2026-07-24,2026-07-24 08:00:00-04:00,39.08,False,yfinance
LW,2026-04-01,2026-04-01 08:00:00-04:00,17.42,False,yfinance
LW,2025-12-19,2025-12-19 08:00:00-05:00,6.36,False,yfinance
LW,2025-09-30,2025-09-30 08:00:00-04:00,38.71,False,yfinance
LW,2025-07-23,2025-07-23 08:00:00-04:00,38.23,False,yfinance
LW,2025-04-03,2025-04-03 08:00:00-04:00,26.66,False,yfinance
LW,2024-12-19,2024-12-19 06:00:00-05:00,-34.34,False,yfinance
LW,2024-10-01,2024-10-01 17:00:00-04:00,1.7,False,yfinance
LW,2024-07-24,2024-07-24 08:00:00-04:00,-37.9,False,yfinance
LW,2024-04-04,2024-04-04 08:00:00-04:00,-17.27,False,yfinance
LW,2024-01-04,2024-01-04 08:00:00-05:00,2.39,False,yfinance
LW,2023-10-05,2023-10-05 08:00:00-04:00,50.59,False,yfinance
LW,2023-07-25,2023-07-25 08:00:00-04:00,16.46,False,yfinance
LW,2023-04-06,2023-04-06 08:00:00-04:00,44.51,False,yfinance
LW,2023-01-05,2023-01-05 08:00:00-05:00,72.4,False,yfinance
LW,2022-10-05,2022-10-05 08:00:00-04:00,48.72,False,yfinance
LW,2022-07-27,2022-07-27 08:00:00-04:00,26.99,False,yfinance
LW,2022-04-07,2022-04-07 08:00:00-04:00,70.05,False,yfinance
LW,2022-01-06,2022-01-06 08:00:00-05:00,54.76,False,yfinance
LW,2021-10-07,2021-10-07 08:00:00-04:00,-47.22,False,yfinance
LW,2021-07-27,2021-07-27 08:00:00-04:00,3.39,False,yfinance
LW,2021-04-07,2021-04-07 08:00:00-04:00,-11.66,False,yfinance
LW,2021-01-07,2021-01-07 08:00:00-05:00,7.03,False,yfinance
LW,2020-10-07,2020-10-07 08:00:00-04:00,105.17,False,yfinance
RRX,2026-08-05,2026-08-05 08:00:00-04:00,,True,yfinance
RRX,2026-05-06,2026-05-06 16:00:00-04:00,2.68,False,yfinance
RRX,2026-02-04,2026-02-04 16:00:00-05:00,1.1,False,yfinance
RRX,2025-10-29,2025-10-29 16:00:00-04:00,-0.98,False,yfinance
RRX,2025-08-05,2025-08-05 16:00:00-04:00,1.47,False,yfinance
RRX,2025-05-05,2025-05-05 16:00:00-04:00,17.71,False,yfinance
RRX,2025-02-05,2025-02-05 16:00:00-05:00,-5.2,False,yfinance
RRX,2024-11-04,2024-11-04 16:00:00-05:00,0.44,False,yfinance
RRX,2024-07-31,2024-07-31 16:00:00-04:00,7.4,False,yfinance
RRX,2024-05-06,2024-05-06 16:00:00-04:00,0.52,False,yfinance
RRX,2024-02-07,2024-02-07 16:00:00-05:00,1.73,False,yfinance
RRX,2023-11-01,2023-11-01 16:00:00-04:00,-17.49,False,yfinance
RRX,2023-07-31,2023-07-31 16:00:00-04:00,4.21,False,yfinance
RRX,2023-05-04,2023-05-04 19:00:00-04:00,3.32,False,yfinance
RRX,2023-02-01,2023-02-01 16:00:00-05:00,10.52,False,yfinance
RRX,2022-10-31,2022-10-31 19:00:00-04:00,0.76,False,yfinance
RRX,2022-08-01,2022-08-01 16:00:00-04:00,5.65,False,yfinance
RRX,2022-04-27,2022-04-27 16:00:00-04:00,10.69,False,yfinance
RRX,2022-02-02,2022-02-02 17:00:00-05:00,-2.39,False,yfinance
RRX,2021-11-02,2021-11-02 07:00:00-04:00,0.73,False,yfinance
RRX,2021-07-28,2021-07-28 16:00:00-04:00,10.23,False,yfinance
RRX,2021-05-03,2021-05-03 16:00:00-04:00,15.12,False,yfinance
RRX,2021-02-16,2021-02-16 06:00:00-05:00,11.74,False,yfinance
RRX,2020-10-28,2020-10-28 16:00:00-04:00,43.11,False,yfinance
RRX,2020-08-03,2020-08-03 16:00:00-04:00,41.56,False,yfinance
AVAV,2026-09-02,2026-09-02 16:00:00-04:00,,True,yfinance
AVAV,2026-06-29,2026-06-29 16:00:00-04:00,25.01,False,yfinance
AVAV,2026-03-10,2026-03-10 16:00:00-04:00,-7.39,False,yfinance
AVAV,2025-12-09,2025-12-09 16:00:00-05:00,-44.23,False,yfinance
AVAV,2025-09-09,2025-09-09 16:00:00-04:00,-6.71,False,yfinance
AVAV,2025-06-24,2025-06-24 15:00:00-04:00,15.71,False,yfinance
AVAV,2025-03-04,2025-03-04 16:00:00-05:00,-58.22,False,yfinance
AVAV,2024-12-04,2024-12-04 16:00:00-05:00,-30.88,False,yfinance
AVAV,2024-09-04,2024-09-04 16:00:00-04:00,37.28,False,yfinance
AVAV,2024-06-26,2024-06-26 16:00:00-04:00,101.57,False,yfinance
AVAV,2024-03-04,2024-03-04 16:00:00-05:00,83.14,False,yfinance
AVAV,2023-12-05,2023-12-05 16:00:00-05:00,57.98,False,yfinance
AVAV,2023-09-05,2023-09-05 16:00:00-04:00,235.57,False,yfinance
AVAV,2023-06-27,2023-06-27 16:00:00-04:00,-1.2,False,yfinance
AVAV,2023-03-06,2023-03-06 16:00:00-05:00,-23.55,False,yfinance
AVAV,2022-12-06,2022-12-06 16:00:00-05:00,-100.0,True,yfinance
AVAV,2022-09-07,2022-09-07 16:00:00-04:00,-184.51,False,yfinance
AVAV,2022-06-28,2022-06-28 16:00:00-04:00,-25.31,False,yfinance
AVAV,2022-03-03,2022-03-03 16:00:00-05:00,7.26,False,yfinance
AVAV,2021-12-07,2021-12-07 10:00:00-05:00,22.83,False,yfinance
AVAV,2021-09-08,2021-09-08 16:00:00-04:00,32.54,False,yfinance
AVAV,2021-06-29,2021-06-29 16:00:00-04:00,27.76,False,yfinance
AVAV,2021-03-09,2021-03-09 16:00:00-05:00,6900.0,False,yfinance
AVAV,2020-12-08,2020-12-08 16:00:00-05:00,56.86,False,yfinance
AVAV,2020-09-09,2020-09-09 16:00:00-04:00,12.24,False,yfinance
QXO,2026-08-13,2026-08-13 16:00:00-04:00,,True,yfinance
QXO,2026-02-25,2026-02-25 16:00:00-05:00,5.6,False,yfinance
QXO,2025-11-06,2025-11-06 16:00:00-05:00,5.66,False,yfinance
QXO,2025-08-14,2025-08-14 06:00:00-04:00,171.81,False,yfinance
QXO,2025-05-08,2025-05-08 16:00:00-04:00,160.8,False,yfinance
QXO,2025-03-04,2025-03-04 08:00:00-05:00,158.2,False,yfinance
QXO,2024-11-13,2024-11-13 07:00:00-05:00,61.08,False,yfinance
BAH,2026-10-23,2026-10-23 08:00:00-04:00,,True,yfinance
BAH,2026-07-24,2026-07-24 06:00:00-04:00,21.94,False,yfinance
BAH,2026-05-22,2026-05-22 06:00:00-04:00,30.69,False,yfinance
BAH,2026-01-23,2026-01-23 06:00:00-05:00,37.08,False,yfinance
BAH,2025-10-24,2025-10-24 06:00:00-04:00,-1.42,False,yfinance
BAH,2025-07-25,2025-07-25 06:00:00-04:00,2.21,False,yfinance
BAH,2025-05-23,2025-05-23 06:00:00-04:00,-0.27,False,yfinance
BAH,2025-01-30,2025-01-30 19:00:00-05:00,1.91,False,yfinance
BAH,2024-10-25,2024-10-25 06:00:00-04:00,21.69,False,yfinance
BAH,2024-07-26,2024-07-26 06:00:00-04:00,-9.22,False,yfinance
BAH,2024-05-24,2024-05-24 06:00:00-04:00,8.31,False,yfinance
BAH,2024-01-26,2024-01-26 06:00:00-05:00,21.45,False,yfinance
BAH,2023-10-27,2023-10-27 06:00:00-04:00,-2.7,False,yfinance
BAH,2023-07-28,2023-07-28 06:00:00-04:00,17.18,False,yfinance
BAH,2023-05-26,2023-05-26 06:00:00-04:00,6.87,False,yfinance
BAH,2023-01-27,2023-01-27 06:00:00-05:00,3.34,False,yfinance
BAH,2022-10-28,2022-10-28 06:00:00-04:00,18.86,False,yfinance
BAH,2022-07-29,2022-07-29 06:00:00-04:00,6.86,False,yfinance
BAH,2022-05-20,2022-05-20 06:00:00-04:00,1.16,False,yfinance
BAH,2022-01-28,2022-01-28 06:00:00-05:00,4.51,False,yfinance
BAH,2021-10-29,2021-10-29 06:00:00-04:00,16.73,False,yfinance
BAH,2021-07-30,2021-07-30 06:00:00-04:00,10.31,False,yfinance
BAH,2021-05-21,2021-05-21 06:00:00-04:00,7.99,False,yfinance
BAH,2021-01-29,2021-01-29 06:00:00-05:00,10.24,False,yfinance
BAH,2020-10-30,2020-10-30 06:00:00-04:00,12.23,False,yfinance
TTWO,2026-08-07,2026-08-07 08:00:00-04:00,,True,yfinance
TTWO,2026-05-21,2026-05-21 16:00:00-04:00,43.47,False,yfinance
TTWO,2026-02-03,2026-02-03 16:00:00-05:00,47.51,False,yfinance
TTWO,2025-11-06,2025-11-06 16:00:00-05:00,56.48,False,yfinance
TTWO,2025-08-07,2025-08-07 16:00:00-04:00,128.1,False,yfinance
TTWO,2025-05-15,2025-05-15 16:00:00-04:00,18.88,False,yfinance
TTWO,2025-02-06,2025-02-06 16:00:00-05:00,29.71,False,yfinance
TTWO,2024-11-06,2024-11-06 16:00:00-05:00,1.58,False,yfinance
TTWO,2024-08-08,2024-08-08 16:00:00-04:00,-11.17,False,yfinance
TTWO,2024-05-16,2024-05-16 16:00:00-04:00,-1643.19,False,yfinance
TTWO,2024-02-08,2024-02-08 16:00:00-05:00,-27.08,False,yfinance
TTWO,2023-11-08,2023-11-08 16:00:00-05:00,37.58,False,yfinance
TTWO,2023-08-08,2023-08-08 16:00:00-04:00,-13.66,False,yfinance
TTWO,2023-05-17,2023-05-17 16:00:00-04:00,-190.49,False,yfinance
TTWO,2023-02-06,2023-02-06 16:00:00-05:00,-7.76,False,yfinance
TTWO,2022-11-07,2022-11-07 16:00:00-05:00,-4.91,False,yfinance
TTWO,2022-08-08,2022-08-08 16:00:00-04:00,-15.44,False,yfinance
TTWO,2022-05-16,2022-05-16 16:00:00-04:00,53.45,False,yfinance
TTWO,2022-02-07,2022-02-07 16:00:00-05:00,11.49,False,yfinance
TTWO,2021-11-03,2021-11-03 16:00:00-04:00,18.58,False,yfinance
TTWO,2021-08-02,2021-08-02 16:00:00-04:00,13.24,False,yfinance
TTWO,2021-05-18,2021-05-18 16:00:00-04:00,111.17,False,yfinance
TTWO,2021-02-08,2021-02-08 16:00:00-05:00,29.59,False,yfinance
TTWO,2020-11-05,2020-11-05 16:00:00-05:00,32.33,False,yfinance
TTWO,2020-08-03,2020-08-03 16:00:00-04:00,43.67,False,yfinance
EA,2026-07-28,2026-07-28 16:00:00-04:00,,True,yfinance
EA,2026-05-05,2026-05-05 16:00:00-04:00,-32.35,False,yfinance
EA,2026-02-03,2026-02-03 16:00:00-05:00,-76.4,False,yfinance
EA,2025-10-28,2025-10-28 16:00:00-04:00,52.69,False,yfinance
EA,2025-07-29,2025-07-29 16:00:00-04:00,97.53,False,yfinance
EA,2025-05-06,2025-05-06 16:00:00-04:00,45.88,False,yfinance
EA,2025-02-04,2025-02-04 16:00:00-05:00,-8.03,False,yfinance
EA,2024-10-29,2024-10-29 16:00:00-04:00,24.88,False,yfinance
EA,2024-07-30,2024-07-30 16:00:00-04:00,24.83,False,yfinance
EA,2024-05-07,2024-05-07 16:00:00-04:00,-21.83,False,yfinance
EA,2024-01-30,2024-01-30 16:00:00-05:00,21.86,False,yfinance
EA,2023-11-01,2023-11-01 16:00:00-04:00,64.33,False,yfinance
EA,2023-08-01,2023-08-01 16:00:00-04:00,-0.54,False,yfinance
EA,2023-05-09,2023-05-09 16:00:00-04:00,35.22,False,yfinance
EA,2023-01-31,2023-01-31 16:00:00-05:00,-18.08,False,yfinance
EA,2022-11-01,2022-11-01 16:00:00-04:00,7.15,False,yfinance
EA,2022-08-02,2022-08-02 16:00:00-04:00,44.98,False,yfinance
EA,2022-05-10,2022-05-10 16:00:00-04:00,27.05,False,yfinance
EA,2022-02-01,2022-02-01 16:00:00-05:00,-2.12,False,yfinance
EA,2021-11-03,2021-11-03 16:00:00-04:00,50.37,False,yfinance
EA,2021-08-04,2021-08-04 16:00:00-04:00,82.59,False,yfinance
EA,2021-05-11,2021-05-11 16:00:00-04:00,-8.26,False,yfinance
EA,2021-02-02,2021-02-02 16:00:00-05:00,-7.84,False,yfinance
EA,2020-11-05,2020-11-05 16:00:00-05:00,63.09,False,yfinance
EA,2020-07-30,2020-07-30 16:00:00-04:00,19.67,False,yfinance
NVDA,2026-08-26,2026-08-26 16:00:00-04:00,,True,yfinance
NVDA,2026-05-20,2026-05-20 16:00:00-04:00,5.54,False,yfinance
NVDA,2026-02-25,2026-02-25 16:00:00-05:00,5.32,False,yfinance
NVDA,2025-11-19,2025-11-19 16:00:00-05:00,3.46,False,yfinance
NVDA,2025-08-27,2025-08-27 16:00:00-04:00,4.1,False,yfinance
NVDA,2025-05-28,2025-05-28 16:00:00-04:00,8.02,False,yfinance
NVDA,2025-02-26,2025-02-26 16:00:00-05:00,5.25,False,yfinance
NVDA,2024-11-20,2024-11-20 16:00:00-05:00,8.52,False,yfinance
NVDA,2024-08-28,2024-08-28 16:00:00-04:00,5.66,False,yfinance
NVDA,2024-05-22,2024-05-22 16:00:00-04:00,9.74,False,yfinance
NVDA,2024-02-21,2024-02-21 16:00:00-05:00,11.4,False,yfinance
NVDA,2023-11-21,2023-11-21 16:00:00-05:00,18.73,False,yfinance
NVDA,2023-08-23,2023-08-23 16:00:00-04:00,29.35,False,yfinance
NVDA,2023-05-24,2023-05-24 16:00:00-04:00,18.8,False,yfinance
NVDA,2023-02-22,2023-02-22 16:00:00-05:00,9.45,False,yfinance
NVDA,2022-11-16,2022-11-16 16:00:00-05:00,-17.32,False,yfinance
NVDA,2022-08-24,2022-08-24 16:00:00-04:00,-1.49,False,yfinance
NVDA,2022-05-25,2022-05-25 16:00:00-04:00,4.86,False,yfinance
NVDA,2022-02-16,2022-02-16 16:00:00-05:00,7.97,False,yfinance
NVDA,2021-11-17,2021-11-17 16:00:00-05:00,5.81,False,yfinance
NVDA,2021-08-18,2021-08-18 16:00:00-04:00,2.26,False,yfinance
NVDA,2021-05-26,2021-05-26 16:00:00-04:00,11.44,False,yfinance
NVDA,2021-02-24,2021-02-24 16:00:00-05:00,10.37,False,yfinance
NVDA,2020-11-18,2020-11-18 16:00:00-05:00,14.21,False,yfinance
NVDA,2020-08-19,2020-08-19 16:00:00-04:00,10.66,False,yfinance
ALAB,2026-08-04,2026-08-04 16:00:00-04:00,,True,yfinance
ALAB,2026-05-05,2026-05-05 16:00:00-04:00,13.47,False,yfinance
ALAB,2026-02-10,2026-02-10 16:00:00-05:00,12.64,False,yfinance
ALAB,2025-11-04,2025-11-04 16:00:00-05:00,25.6,False,yfinance
ALAB,2025-08-05,2025-08-05 16:00:00-04:00,35.74,False,yfinance
ALAB,2025-05-06,2025-05-06 16:00:00-04:00,16.3,False,yfinance
ALAB,2025-02-10,2025-02-10 16:00:00-05:00,42.84,False,yfinance
ALAB,2024-11-04,2024-11-04 16:00:00-05:00,34.97,False,yfinance
ALAB,2024-08-06,2024-08-06 16:00:00-04:00,18.98,False,yfinance
ALAB,2024-05-08,2024-05-08 06:00:00-04:00,315.22,False,yfinance
RBC,2026-07-31,2026-07-31 08:00:00-04:00,,True,yfinance
RBC,2026-05-15,2026-05-15 08:00:00-04:00,9.02,False,yfinance
RBC,2026-02-05,2026-02-05 08:00:00-05:00,6.2,False,yfinance
RBC,2025-10-31,2025-10-31 08:00:00-04:00,5.31,False,yfinance
RBC,2025-08-01,2025-08-01 08:00:00-04:00,3.58,False,yfinance
RBC,2025-05-16,2025-05-16 08:00:00-04:00,4.7,False,yfinance
RBC,2025-01-31,2025-01-31 08:00:00-05:00,6.29,False,yfinance
RBC,2024-11-01,2024-11-01 08:00:00-04:00,-0.31,False,yfinance
RBC,2024-08-02,2024-08-02 08:00:00-04:00,4.83,False,yfinance
RBC,2024-05-17,2024-05-17 08:00:00-04:00,5.31,False,yfinance
RBC,2024-02-08,2024-02-08 08:00:00-05:00,-5.77,False,yfinance
RBC,2023-11-09,2023-11-09 09:00:00-05:00,6.38,False,yfinance
RBC,2023-08-04,2023-08-04 09:00:00-04:00,8.34,False,yfinance
RBC,2023-05-19,2023-05-19 08:00:00-04:00,14.43,False,yfinance
RBC,2023-02-09,2023-02-09 17:00:00-05:00,-1.34,False,yfinance
RBC,2022-11-10,2022-11-10 08:00:00-05:00,16.37,False,yfinance
RBC,2022-08-04,2022-08-04 08:00:00-04:00,-22.55,False,yfinance
RBC,2022-05-26,2022-05-26 08:00:00-04:00,7.97,False,yfinance
RBC,2022-02-10,2022-02-10 08:00:00-05:00,-5.85,False,yfinance
RBC,2021-11-12,2021-11-12 08:00:00-05:00,-14.97,False,yfinance
RBC,2021-08-05,2021-08-05 08:00:00-04:00,3.65,False,yfinance
RBC,2021-05-21,2021-05-21 08:00:00-04:00,0.93,False,yfinance
RBC,2021-01-29,2021-01-29 08:00:00-05:00,4.96,False,yfinance
RBC,2020-10-30,2020-10-30 08:00:00-04:00,4.49,False,yfinance
RBC,2020-08-06,2020-08-06 17:00:00-04:00,7.95,False,yfinance
FDX,2026-10-12,2026-10-12 16:00:00-04:00,,True,yfinance
FDX,2026-06-23,2026-06-23 16:00:00-04:00,6.53,False,yfinance
FDX,2026-03-19,2026-03-19 16:00:00-04:00,25.52,False,yfinance
FDX,2025-12-18,2025-12-18 16:00:00-05:00,17.16,False,yfinance
FDX,2025-09-18,2025-09-18 16:00:00-04:00,6.01,False,yfinance
FDX,2025-06-24,2025-06-24 16:00:00-04:00,4.59,False,yfinance
FDX,2025-03-20,2025-03-20 16:00:00-04:00,-2.65,False,yfinance
FDX,2024-12-19,2024-12-19 16:00:00-05:00,2.12,False,yfinance
FDX,2024-09-19,2024-09-19 16:00:00-04:00,-24.48,False,yfinance
FDX,2024-06-25,2024-06-25 16:00:00-04:00,0.73,False,yfinance
FDX,2024-03-21,2024-03-21 16:00:00-04:00,10.95,False,yfinance
FDX,2023-12-19,2023-12-19 16:00:00-05:00,-5.01,False,yfinance
FDX,2023-09-20,2023-09-20 16:00:00-04:00,21.29,False,yfinance
FDX,2023-06-20,2023-06-20 16:00:00-04:00,1.13,False,yfinance
FDX,2023-03-16,2023-03-16 16:00:00-04:00,24.6,False,yfinance
FDX,2022-12-20,2022-12-20 16:00:00-05:00,12.74,False,yfinance
FDX,2022-09-15,2022-09-15 16:00:00-04:00,-33.08,False,yfinance
FDX,2022-06-23,2022-06-23 16:00:00-04:00,-0.12,False,yfinance
FDX,2022-03-17,2022-03-17 16:00:00-04:00,-1.3,False,yfinance
FDX,2021-12-16,2021-12-16 16:00:00-05:00,12.56,False,yfinance
FDX,2021-09-21,2021-09-21 16:00:00-04:00,-11.21,False,yfinance
FDX,2021-06-24,2021-06-24 16:00:00-04:00,0.13,False,yfinance
FDX,2021-03-18,2021-03-18 16:00:00-04:00,7.19,False,yfinance
FDX,2020-12-17,2020-12-17 16:00:00-05:00,20.34,False,yfinance
FDX,2020-09-15,2020-09-15 16:00:00-04:00,79.21,False,yfinance
WMS,2026-08-06,2026-08-06 08:00:00-04:00,,True,yfinance
WMS,2026-05-21,2026-05-21 06:00:00-04:00,10.59,False,yfinance
WMS,2026-02-05,2026-02-05 06:00:00-05:00,15.76,False,yfinance
WMS,2025-11-06,2025-11-06 06:00:00-05:00,20.49,False,yfinance
WMS,2025-08-07,2025-08-07 06:00:00-04:00,10.9,False,yfinance
WMS,2025-05-15,2025-05-15 06:00:00-04:00,-6.19,False,yfinance
WMS,2025-02-06,2025-02-06 06:00:00-05:00,-11.38,False,yfinance
WMS,2024-11-08,2024-11-08 06:00:00-05:00,-10.15,False,yfinance
WMS,2024-08-08,2024-08-08 06:00:00-04:00,-0.43,False,yfinance
WMS,2024-05-16,2024-05-16 06:00:00-04:00,27.76,False,yfinance
WMS,2024-02-08,2024-02-08 06:00:00-05:00,34.22,False,yfinance
WMS,2023-11-02,2023-11-02 06:00:00-04:00,1.57,False,yfinance
WMS,2023-08-03,2023-08-03 07:00:00-04:00,34.38,False,yfinance
WMS,2023-05-18,2023-05-18 06:00:00-04:00,43.17,False,yfinance
WMS,2023-02-02,2023-02-02 06:00:00-05:00,-19.58,False,yfinance
WMS,2022-11-03,2022-11-03 06:00:00-04:00,-4.55,False,yfinance
WMS,2022-08-04,2022-08-04 06:00:00-04:00,53.41,False,yfinance
WMS,2022-05-19,2022-05-19 06:00:00-04:00,47.87,False,yfinance
WMS,2022-02-03,2022-02-03 06:00:00-05:00,25.73,False,yfinance
WMS,2021-11-04,2021-11-04 06:00:00-04:00,5.99,False,yfinance
WMS,2021-08-05,2021-08-05 06:00:00-04:00,-4.17,False,yfinance
WMS,2021-05-20,2021-05-20 06:00:00-04:00,29.53,False,yfinance
WMS,2021-02-04,2021-02-04 06:00:00-05:00,59.41,False,yfinance
WMS,2020-11-05,2020-11-05 06:00:00-05:00,-4.15,False,yfinance
WMS,2020-08-06,2020-08-06 06:00:00-04:00,51.06,False,yfinance
MRVL,2026-08-27,2026-08-27 16:00:00-04:00,,True,yfinance
MRVL,2026-05-27,2026-05-27 16:00:00-04:00,0.64,False,yfinance
MRVL,2026-03-05,2026-03-05 16:00:00-05:00,1.05,False,yfinance
MRVL,2025-12-02,2025-12-02 16:00:00-05:00,3.01,False,yfinance
MRVL,2025-08-28,2025-08-28 16:00:00-04:00,-0.51,False,yfinance
MRVL,2025-05-29,2025-05-29 16:00:00-04:00,1.11,False,yfinance
MRVL,2025-03-05,2025-03-05 16:00:00-05:00,1.57,False,yfinance
MRVL,2024-12-03,2024-12-03 16:00:00-05:00,5.53,False,yfinance
MRVL,2024-08-29,2024-08-29 16:00:00-04:00,2.28,False,yfinance
MRVL,2024-05-30,2024-05-30 16:00:00-04:00,0.7,False,yfinance
MRVL,2024-03-07,2024-03-07 16:00:00-05:00,-0.82,False,yfinance
MRVL,2023-11-30,2023-11-30 16:00:00-05:00,2.21,False,yfinance
MRVL,2023-08-24,2023-08-24 16:00:00-04:00,1.93,False,yfinance
MRVL,2023-05-25,2023-05-25 16:00:00-04:00,5.76,False,yfinance
MRVL,2023-03-02,2023-03-02 16:00:00-05:00,-1.8,False,yfinance
MRVL,2022-12-01,2022-12-01 16:00:00-05:00,-3.03,False,yfinance
MRVL,2022-08-25,2022-08-25 16:00:00-04:00,0.9,False,yfinance
MRVL,2022-05-26,2022-05-26 16:00:00-04:00,1.34,False,yfinance
MRVL,2022-03-03,2022-03-03 16:00:00-05:00,3.55,False,yfinance
MRVL,2021-12-02,2021-12-02 16:00:00-05:00,12.15,False,yfinance
MRVL,2021-08-26,2021-08-26 16:00:00-04:00,8.46,False,yfinance
MRVL,2021-06-07,2021-06-07 16:00:00-04:00,6.21,False,yfinance
MRVL,2021-03-03,2021-03-03 16:00:00-05:00,-0.37,False,yfinance
MRVL,2020-12-03,2020-12-03 16:00:00-05:00,0.06,False,yfinance
MRVL,2020-08-27,2020-08-27 16:00:00-04:00,3.88,False,yfinance
RDDT,2026-07-30,2026-07-30 16:00:00-04:00,,True,yfinance
RDDT,2026-04-30,2026-04-30 16:00:00-04:00,26.13,False,yfinance
RDDT,2026-02-05,2026-02-05 16:00:00-05:00,16.45,False,yfinance
RDDT,2025-10-30,2025-10-30 16:00:00-04:00,20.73,False,yfinance
RDDT,2025-07-31,2025-07-31 16:00:00-04:00,34.04,False,yfinance
RDDT,2025-05-01,2025-05-01 16:00:00-04:00,870.87,False,yfinance
RDDT,2025-02-12,2025-02-12 16:00:00-05:00,44.26,False,yfinance
RDDT,2024-10-29,2024-10-29 16:00:00-04:00,42.87,False,yfinance
RDDT,2024-08-06,2024-08-06 16:00:00-04:00,170.16,False,yfinance
RDDT,2024-05-07,2024-05-07 16:00:00-04:00,6.05,False,yfinance
AIT,2026-08-13,2026-08-13 08:00:00-04:00,,True,yfinance
AIT,2026-04-28,2026-04-28 06:00:00-04:00,0.16,False,yfinance
AIT,2026-01-27,2026-01-27 06:00:00-05:00,0.6,False,yfinance
AIT,2025-10-28,2025-10-28 06:00:00-04:00,5.94,False,yfinance
AIT,2025-08-14,2025-08-14 06:00:00-04:00,6.67,False,yfinance
AIT,2025-05-01,2025-05-01 06:00:00-04:00,6.64,False,yfinance
AIT,2025-01-29,2025-01-29 06:00:00-05:00,7.96,False,yfinance
AIT,2024-10-24,2024-10-24 06:00:00-04:00,4.23,False,yfinance
AIT,2024-08-15,2024-08-15 06:00:00-04:00,5.47,False,yfinance
AIT,2024-04-25,2024-04-25 06:00:00-04:00,2.92,False,yfinance
AIT,2024-01-25,2024-01-25 06:00:00-05:00,6.33,False,yfinance
AIT,2023-10-26,2023-10-26 06:00:00-04:00,14.17,False,yfinance
AIT,2023-08-10,2023-08-10 06:00:00-04:00,8.29,False,yfinance
AIT,2023-04-27,2023-04-27 06:00:00-04:00,10.53,False,yfinance
AIT,2023-01-26,2023-01-26 06:00:00-05:00,23.0,False,yfinance
AIT,2022-10-27,2022-10-27 06:00:00-04:00,20.61,False,yfinance
AIT,2022-08-11,2022-08-11 06:00:00-04:00,21.44,False,yfinance
AIT,2022-04-28,2022-04-28 06:00:00-04:00,16.67,False,yfinance
AIT,2022-01-27,2022-01-27 06:00:00-05:00,35.69,False,yfinance
AIT,2021-10-27,2021-10-27 06:00:00-04:00,7.59,False,yfinance
AIT,2021-08-17,2021-08-17 06:00:00-04:00,29.06,False,yfinance
AIT,2021-04-29,2021-04-29 06:00:00-04:00,30.17,False,yfinance
AIT,2021-01-28,2021-01-28 06:00:00-05:00,27.27,False,yfinance
AIT,2020-10-28,2020-10-28 06:00:00-04:00,39.5,False,yfinance
AIT,2020-08-12,2020-08-12 06:00:00-04:00,16.79,False,yfinance
CTAS,2026-09-23,2026-09-23 08:00:00-04:00,,True,yfinance
CTAS,2026-07-15,2026-07-15 08:00:00-04:00,2.35,False,yfinance
CTAS,2026-03-25,2026-03-25 08:00:00-04:00,0.06,False,yfinance
CTAS,2025-12-18,2025-12-18 08:00:00-05:00,1.3,False,yfinance
CTAS,2025-09-24,2025-09-24 08:00:00-04:00,0.74,False,yfinance
CTAS,2025-07-17,2025-07-17 08:00:00-04:00,1.75,False,yfinance
CTAS,2025-03-26,2025-03-26 08:00:00-04:00,7.4,False,yfinance
CTAS,2024-12-19,2024-12-19 08:00:00-05:00,7.53,False,yfinance
CTAS,2024-09-25,2024-09-25 08:00:00-04:00,10.19,False,yfinance
CTAS,2024-07-18,2024-07-18 08:00:00-04:00,5.14,False,yfinance
CTAS,2024-03-27,2024-03-27 08:00:00-04:00,7.12,False,yfinance
CTAS,2023-12-21,2023-12-21 08:00:00-05:00,3.52,False,yfinance
CTAS,2023-09-26,2023-09-26 08:00:00-04:00,0.47,False,yfinance
CTAS,2023-07-13,2023-07-13 08:00:00-04:00,4.22,False,yfinance
CTAS,2023-03-29,2023-03-29 08:00:00-04:00,2.82,False,yfinance
CTAS,2022-12-21,2022-12-21 08:00:00-05:00,3.04,False,yfinance
CTAS,2022-09-28,2022-09-28 08:00:00-04:00,7.93,False,yfinance
CTAS,2022-07-14,2022-07-14 09:00:00-04:00,4.76,False,yfinance
CTAS,2022-03-23,2022-03-23 08:00:00-04:00,21.5,False,yfinance
CTAS,2021-12-22,2021-12-22 08:00:00-05:00,5.17,False,yfinance
CTAS,2021-09-29,2021-09-29 08:00:00-04:00,12.22,False,yfinance
CTAS,2021-07-15,2021-07-15 08:00:00-04:00,6.96,False,yfinance
CTAS,2021-03-17,2021-03-17 08:00:00-04:00,6.47,False,yfinance
CTAS,2020-12-22,2020-12-22 08:00:00-05:00,8.49,False,yfinance
CTAS,2020-09-23,2020-09-23 08:00:00-04:00,30.51,False,yfinance
DELL,2026-09-03,2026-09-03 16:00:00-04:00,,True,yfinance
DELL,2026-05-28,2026-05-28 16:00:00-04:00,63.99,False,yfinance
DELL,2026-02-26,2026-02-26 16:00:00-05:00,10.74,False,yfinance
DELL,2025-11-25,2025-11-25 16:00:00-05:00,4.55,False,yfinance
DELL,2025-08-28,2025-08-28 16:00:00-04:00,1.24,False,yfinance
DELL,2025-05-29,2025-05-29 16:00:00-04:00,-8.38,False,yfinance
DELL,2025-02-27,2025-02-27 16:00:00-05:00,6.42,False,yfinance
DELL,2024-11-26,2024-11-26 16:00:00-05:00,4.25,False,yfinance
DELL,2024-08-29,2024-08-29 16:00:00-04:00,10.22,False,yfinance
DELL,2024-05-30,2024-05-30 16:00:00-04:00,-1.92,False,yfinance
DELL,2024-02-29,2024-02-29 16:00:00-05:00,27.92,False,yfinance
DELL,2023-11-30,2023-11-30 16:00:00-05:00,29.19,False,yfinance
DELL,2023-08-31,2023-08-31 16:00:00-04:00,53.07,False,yfinance
DELL,2023-06-01,2023-06-01 15:00:00-04:00,53.67,False,yfinance
DELL,2023-03-02,2023-03-02 16:00:00-05:00,9.88,False,yfinance
DELL,2022-11-21,2022-11-21 16:00:00-05:00,43.09,False,yfinance
DELL,2022-08-25,2022-08-25 16:00:00-04:00,2.61,False,yfinance
DELL,2022-05-26,2022-05-26 16:00:00-04:00,31.17,False,yfinance
DELL,2022-02-24,2022-02-24 16:00:00-05:00,-11.95,False,yfinance
DELL,2021-11-23,2021-11-23 16:00:00-05:00,2.97,False,yfinance
DELL,2021-08-26,2021-08-26 16:00:00-04:00,9.76,False,yfinance
DELL,2021-05-27,2021-05-27 16:00:00-04:00,31.5,False,yfinance
DELL,2021-02-25,2021-02-25 16:00:00-05:00,26.1,False,yfinance
DELL,2020-11-24,2020-11-24 16:00:00-05:00,42.91,False,yfinance
DELL,2020-08-27,2020-08-27 16:00:00-04:00,37.49,False,yfinance
MSM,2026-10-22,2026-10-22 08:00:00-04:00,,True,yfinance
MSM,2026-07-01,2026-07-01 06:00:00-04:00,12.6,False,yfinance
MSM,2026-04-01,2026-04-01 06:00:00-04:00,-1.94,False,yfinance
MSM,2026-01-07,2026-01-07 06:00:00-05:00,4.76,False,yfinance
MSM,2025-10-23,2025-10-23 06:00:00-04:00,6.3,False,yfinance
MSM,2025-07-01,2025-07-01 06:00:00-04:00,5.12,False,yfinance
MSM,2025-04-03,2025-04-03 06:00:00-04:00,-0.46,False,yfinance
MSM,2025-01-08,2025-01-08 06:00:00-05:00,18.27,False,yfinance
MSM,2024-10-24,2024-10-24 06:00:00-04:00,-3.89,False,yfinance
MSM,2024-07-02,2024-07-02 06:00:00-04:00,0.17,False,yfinance
MSM,2024-03-28,2024-03-28 06:00:00-04:00,2.04,False,yfinance
MSM,2024-01-09,2024-01-09 06:00:00-05:00,-3.82,False,yfinance
MSM,2023-10-25,2023-10-25 06:00:00-04:00,1.35,False,yfinance
MSM,2023-06-29,2023-06-29 06:00:00-04:00,0.01,False,yfinance
MSM,2023-04-04,2023-04-04 06:00:00-04:00,6.79,False,yfinance
MSM,2023-01-05,2023-01-05 06:00:00-05:00,1.02,False,yfinance
MSM,2022-10-20,2022-10-20 06:00:00-04:00,2.11,False,yfinance
MSM,2022-06-29,2022-06-29 06:00:00-04:00,4.73,False,yfinance
MSM,2022-03-30,2022-03-30 06:00:00-04:00,5.08,False,yfinance
MSM,2021-12-22,2021-12-22 06:00:00-05:00,4.22,False,yfinance
MSM,2021-10-20,2021-10-20 06:00:00-04:00,-1.25,False,yfinance
MSM,2021-07-07,2021-07-07 06:00:00-04:00,2.16,False,yfinance
MSM,2021-04-07,2021-04-07 06:00:00-04:00,0.57,False,yfinance
MSM,2021-01-06,2021-01-06 06:00:00-05:00,1.24,False,yfinance
MSM,2020-10-27,2020-10-27 06:00:00-04:00,15.54,False,yfinance
CRS,2026-07-30,2026-07-30 08:00:00-04:00,,True,yfinance
CRS,2026-04-29,2026-04-29 08:00:00-04:00,4.79,False,yfinance
CRS,2026-01-29,2026-01-29 08:00:00-05:00,4.94,False,yfinance
CRS,2025-10-23,2025-10-23 08:00:00-04:00,12.52,False,yfinance
CRS,2025-07-31,2025-07-31 08:00:00-04:00,7.13,False,yfinance
CRS,2025-04-24,2025-04-24 08:00:00-04:00,8.39,False,yfinance
CRS,2025-01-30,2025-01-30 08:00:00-05:00,3.34,False,yfinance
CRS,2024-10-24,2024-10-24 08:00:00-04:00,9.37,False,yfinance
CRS,2024-07-25,2024-07-25 08:00:00-04:00,20.81,False,yfinance
CRS,2024-05-01,2024-05-01 08:00:00-04:00,26.6,False,yfinance
CRS,2024-01-25,2024-01-25 08:00:00-05:00,,False,yfinance
CRS,2023-10-26,2023-10-26 08:00:00-04:00,15.79,False,yfinance
CRS,2023-07-27,2023-07-27 08:00:00-04:00,17.59,False,yfinance
CRS,2023-04-27,2023-04-27 08:00:00-04:00,25.28,False,yfinance
CRS,2023-01-26,2023-01-26 08:00:00-05:00,,False,yfinance
CRS,2022-10-27,2022-10-27 08:00:00-04:00,,False,yfinance
CRS,2022-07-28,2022-07-28 08:00:00-04:00,100.0,True,yfinance
CRS,2022-04-28,2022-04-28 08:00:00-04:00,26.83,False,yfinance
CRS,2022-02-02,2022-02-02 08:00:00-05:00,8.66,False,yfinance
CRS,2021-10-28,2021-10-28 08:00:00-04:00,20.0,False,yfinance
CRS,2021-07-29,2021-07-29 08:00:00-04:00,44.28,False,yfinance
CRS,2021-04-29,2021-04-29 08:00:00-04:00,5.26,False,yfinance
CRS,2021-01-28,2021-01-28 08:00:00-05:00,12.23,False,yfinance
CRS,2020-10-22,2020-10-22 08:00:00-04:00,-3.57,False,yfinance
CRS,2020-07-30,2020-07-30 08:00:00-04:00,11.43,False,yfinance
RBRK,2026-09-08,2026-09-08 16:00:00-04:00,,True,yfinance
RBRK,2026-06-04,2026-06-04 16:00:00-04:00,667.98,False,yfinance
RBRK,2026-03-12,2026-03-12 16:00:00-04:00,136.85,False,yfinance
RBRK,2025-12-04,2025-12-04 16:00:00-05:00,157.99,False,yfinance
RBRK,2025-09-09,2025-09-09 16:00:00-04:00,91.23,False,yfinance
RBRK,2025-06-05,2025-06-05 16:00:00-04:00,53.05,False,yfinance
RBRK,2025-03-13,2025-03-13 16:00:00-04:00,53.72,False,yfinance
RBRK,2024-12-05,2024-12-05 16:00:00-05:00,47.28,False,yfinance
RBRK,2024-09-09,2024-09-09 16:00:00-04:00,18.39,False,yfinance
RBRK,2024-06-11,2024-06-11 16:00:00-04:00,8.46,False,yfinance
APLD,2026-07-27,2026-07-27 16:00:00-04:00,,True,yfinance
APLD,2026-04-08,2026-04-08 16:00:00-04:00,142.86,False,yfinance
APLD,2026-01-07,2026-01-07 16:00:00-05:00,100.0,True,yfinance
APLD,2025-10-09,2025-10-09 16:00:00-04:00,80.65,False,yfinance
APLD,2025-07-30,2025-07-30 16:00:00-04:00,85.94,False,yfinance
APLD,2025-04-14,2025-04-14 16:00:00-04:00,21.95,False,yfinance
APLD,2025-01-14,2025-01-14 16:00:00-05:00,55.88,False,yfinance
APLD,2024-10-09,2024-10-09 16:00:00-04:00,42.31,False,yfinance
APLD,2024-08-28,2024-08-28 16:00:00-04:00,-63.64,False,yfinance
APLD,2024-04-11,2024-04-11 16:00:00-04:00,-259.98,False,yfinance
APLD,2024-01-16,2024-01-16 08:00:00-05:00,-600.0,False,yfinance
APLD,2023-10-09,2023-10-09 08:00:00-04:00,106.56,True,yfinance
APLD,2023-07-24,2023-07-24 08:00:00-04:00,85.0,False,yfinance
APLD,2023-04-06,2023-04-06 08:00:00-04:00,75.0,False,yfinance
APLD,2023-01-09,2023-01-09 16:00:00-05:00,27.27,False,yfinance
APLD,2022-10-11,2022-10-11 16:00:00-04:00,,False,yfinance
APLD,2022-08-25,2022-08-25 16:00:00-04:00,47.94,False,yfinance
APLD,2022-05-13,2022-05-13 08:00:00-04:00,42.86,False,yfinance
CELH,2026-08-10,2026-08-10 08:00:00-04:00,,True,yfinance
CELH,2026-05-07,2026-05-07 06:00:00-04:00,39.96,False,yfinance
CELH,2026-02-26,2026-02-26 06:00:00-05:00,36.91,False,yfinance
CELH,2025-11-06,2025-11-06 06:00:00-05:00,52.05,False,yfinance
CELH,2025-08-07,2025-08-07 06:00:00-04:00,93.07,False,yfinance
CELH,2025-05-06,2025-05-06 06:00:00-04:00,-5.89,False,yfinance
CELH,2025-02-20,2025-02-20 16:00:00-05:00,44.21,False,yfinance
CELH,2024-11-06,2024-11-06 06:00:00-05:00,-143.94,True,yfinance
CELH,2024-08-06,2024-08-06 06:00:00-04:00,11.22,False,yfinance
CELH,2024-05-07,2024-05-07 06:00:00-04:00,43.97,False,yfinance
CELH,2024-02-29,2024-02-29 06:00:00-05:00,-14.23,False,yfinance
CELH,2023-11-07,2023-11-07 06:00:00-05:00,91.85,False,yfinance
CELH,2023-08-08,2023-08-08 16:00:00-04:00,124.22,False,yfinance
CELH,2023-05-09,2023-05-09 16:00:00-04:00,97.08,False,yfinance
CELH,2023-03-01,2023-03-01 16:00:00-05:00,-56.19,False,yfinance
CELH,2022-11-09,2022-11-09 16:00:00-05:00,-514.4,False,yfinance
CELH,2022-08-09,2022-08-09 16:00:00-04:00,34.0,False,yfinance
CELH,2022-05-10,2022-05-10 16:00:00-04:00,178.04,False,yfinance
CELH,2022-03-01,2022-03-01 16:00:00-05:00,310.85,False,yfinance
CELH,2021-11-11,2021-11-11 08:00:00-05:00,-51.99,False,yfinance
CELH,2021-08-12,2021-08-12 08:00:00-04:00,149.93,False,yfinance
CELH,2021-05-13,2021-05-13 08:00:00-04:00,-50.0,True,yfinance
CELH,2021-03-11,2021-03-11 08:00:00-05:00,43.88,False,yfinance
CELH,2020-11-12,2020-11-12 08:00:00-05:00,498.8,False,yfinance
CELH,2020-08-06,2020-08-06 08:00:00-04:00,248.05,True,yfinance
MU,2026-09-23,2026-09-23 16:00:00-04:00,,True,yfinance
MU,2026-06-24,2026-06-24 16:00:00-04:00,21.25,False,yfinance
MU,2026-03-18,2026-03-18 16:00:00-04:00,33.21,False,yfinance
MU,2025-12-17,2025-12-17 16:00:00-05:00,20.58,False,yfinance
MU,2025-09-23,2025-09-23 16:00:00-04:00,5.94,False,yfinance
MU,2025-06-25,2025-06-25 16:00:00-04:00,19.75,False,yfinance
MU,2025-03-20,2025-03-20 16:00:00-04:00,9.49,False,yfinance
MU,2024-12-18,2024-12-18 16:00:00-05:00,1.36,False,yfinance
MU,2024-09-25,2024-09-25 16:00:00-04:00,5.88,False,yfinance
MU,2024-06-26,2024-06-26 16:00:00-04:00,17.27,False,yfinance
MU,2024-03-20,2024-03-20 16:00:00-04:00,273.75,False,yfinance
MU,2023-12-20,2023-12-20 16:00:00-05:00,5.85,False,yfinance
MU,2023-09-27,2023-09-27 16:00:00-04:00,9.27,False,yfinance
MU,2023-06-28,2023-06-28 16:00:00-04:00,8.74,False,yfinance
MU,2023-03-28,2023-03-28 16:00:00-04:00,-115.83,False,yfinance
MU,2022-12-21,2022-12-21 16:00:00-05:00,-114.02,False,yfinance
MU,2022-09-29,2022-09-29 16:00:00-04:00,5.82,False,yfinance
MU,2022-06-30,2022-06-30 16:00:00-04:00,5.96,False,yfinance
MU,2022-03-29,2022-03-29 16:00:00-04:00,8.07,False,yfinance
MU,2021-12-20,2021-12-20 16:00:00-05:00,2.58,False,yfinance
MU,2021-09-28,2021-09-28 16:00:00-04:00,3.35,False,yfinance
MU,2021-06-30,2021-06-30 16:00:00-04:00,9.15,False,yfinance
MU,2021-03-31,2021-03-31 16:00:00-04:00,3.68,False,yfinance
MU,2021-01-07,2021-01-07 16:00:00-05:00,12.96,False,yfinance
MU,2020-09-29,2020-09-29 16:00:00-04:00,10.9,False,yfinance
ELF,2026-08-05,2026-08-05 16:00:00-04:00,,True,yfinance
ELF,2026-05-20,2026-05-20 16:00:00-04:00,12.17,False,yfinance
ELF,2026-02-04,2026-02-04 16:00:00-05:00,71.43,False,yfinance
ELF,2025-11-05,2025-11-05 16:00:00-05:00,19.93,False,yfinance
ELF,2025-08-06,2025-08-06 16:00:00-04:00,6.29,False,yfinance
ELF,2025-05-28,2025-05-28 16:00:00-04:00,8.33,False,yfinance
ELF,2025-02-06,2025-02-06 16:00:00-05:00,-2.55,False,yfinance
ELF,2024-11-06,2024-11-06 16:00:00-05:00,80.88,False,yfinance
ELF,2024-08-08,2024-08-08 16:00:00-04:00,30.82,False,yfinance
ELF,2024-05-22,2024-05-22 16:00:00-04:00,59.69,False,yfinance
ELF,2024-02-06,2024-02-06 16:00:00-05:00,32.65,False,yfinance
ELF,2023-11-01,2023-11-01 16:00:00-04:00,55.98,False,yfinance
ELF,2023-08-01,2023-08-01 16:00:00-04:00,92.52,False,yfinance
ELF,2023-05-24,2023-05-24 16:00:00-04:00,113.59,False,yfinance
ELF,2023-02-01,2023-02-01 16:00:00-05:00,105.65,False,yfinance
ELF,2022-11-02,2022-11-02 16:00:00-04:00,126.59,False,yfinance
ELF,2022-08-03,2022-08-03 16:00:00-04:00,65.1,False,yfinance
ELF,2022-05-25,2022-05-25 16:00:00-04:00,105.57,False,yfinance
ELF,2022-02-02,2022-02-02 16:00:00-05:00,57.51,False,yfinance
ELF,2021-11-03,2021-11-03 16:00:00-04:00,68.34,False,yfinance
ELF,2021-08-04,2021-08-04 16:00:00-04:00,89.82,False,yfinance
ELF,2021-05-26,2021-05-26 16:00:00-04:00,69.37,False,yfinance
ELF,2021-02-03,2021-02-03 16:00:00-05:00,-8.79,False,yfinance
ELF,2020-11-04,2020-11-04 16:00:00-05:00,27.49,False,yfinance
ELF,2020-08-05,2020-08-05 16:00:00-04:00,356.62,False,yfinance
TDG,2026-08-04,2026-08-04 08:00:00-04:00,,True,yfinance
TDG,2026-05-05,2026-05-05 07:00:00-04:00,4.03,False,yfinance
TDG,2026-02-03,2026-02-03 07:00:00-05:00,2.35,False,yfinance
TDG,2025-11-12,2025-11-12 07:00:00-05:00,7.64,False,yfinance
TDG,2025-08-05,2025-08-05 07:00:00-04:00,-3.02,False,yfinance
TDG,2025-05-06,2025-05-06 07:00:00-04:00,1.8,False,yfinance
TDG,2025-02-04,2025-02-04 07:00:00-05:00,1.12,False,yfinance
TDG,2024-11-07,2024-11-07 07:00:00-05:00,5.9,False,yfinance
TDG,2024-08-06,2024-08-06 07:00:00-04:00,5.8,False,yfinance
TDG,2024-05-07,2024-05-07 07:00:00-04:00,7.77,False,yfinance
TDG,2024-02-08,2024-02-08 07:00:00-05:00,11.86,False,yfinance
TDG,2023-11-09,2023-11-09 07:00:00-05:00,5.18,False,yfinance
TDG,2023-08-08,2023-08-08 07:00:00-04:00,13.22,False,yfinance
TDG,2023-05-09,2023-05-09 07:00:00-04:00,9.45,False,yfinance
TDG,2023-02-07,2023-02-07 07:00:00-05:00,6.69,False,yfinance
TDG,2022-11-10,2022-11-10 07:00:00-05:00,5.11,False,yfinance
TDG,2022-08-09,2022-08-09 07:00:00-04:00,9.44,False,yfinance
TDG,2022-05-10,2022-05-10 07:00:00-04:00,4.47,False,yfinance
TDG,2022-02-08,2022-02-08 07:00:00-05:00,-5.32,False,yfinance
TDG,2021-11-16,2021-11-16 07:00:00-05:00,14.53,False,yfinance
TDG,2021-08-10,2021-08-10 07:00:00-04:00,11.53,False,yfinance
TDG,2021-05-11,2021-05-11 07:00:00-04:00,1.57,False,yfinance
TDG,2021-02-09,2021-02-09 16:00:00-05:00,-2.19,False,yfinance
TDG,2020-11-12,2020-11-12 07:00:00-05:00,47.89,False,yfinance
TDG,2020-08-04,2020-08-04 07:00:00-04:00,71.41,False,yfinance
SAIL,2026-09-09,2026-09-09 08:00:00-04:00,,True,yfinance
SAIL,2026-06-09,2026-06-09 07:00:00-04:00,12.94,False,yfinance
SAIL,2026-03-18,2026-03-18 07:00:00-04:00,0.05,False,yfinance
SAIL,2025-12-09,2025-12-09 07:00:00-05:00,32.47,False,yfinance
SAIL,2025-09-09,2025-09-09 07:00:00-04:00,59.2,False,yfinance
SAIL,2025-06-11,2025-06-11 07:00:00-04:00,189.05,False,yfinance
ZM,2026-08-20,2026-08-20 16:00:00-04:00,,True,yfinance
ZM,2026-05-21,2026-05-21 16:00:00-04:00,9.47,False,yfinance
ZM,2026-02-25,2026-02-25 16:00:00-05:00,-3.11,False,yfinance
ZM,2025-11-24,2025-11-24 16:00:00-05:00,5.76,False,yfinance
ZM,2025-08-21,2025-08-21 16:00:00-04:00,11.03,False,yfinance
ZM,2025-05-21,2025-05-21 16:00:00-04:00,9.54,False,yfinance
ZM,2025-02-24,2025-02-24 16:00:00-05:00,7.91,False,yfinance
ZM,2024-11-25,2024-11-25 16:00:00-05:00,5.51,False,yfinance
ZM,2024-08-21,2024-08-21 16:00:00-04:00,14.22,False,yfinance
ZM,2024-05-20,2024-05-20 16:00:00-04:00,13.5,False,yfinance
ZM,2024-02-26,2024-02-26 16:00:00-05:00,23.01,False,yfinance
ZM,2023-11-20,2023-11-20 16:00:00-05:00,19.5,False,yfinance
ZM,2023-08-21,2023-08-21 16:00:00-04:00,26.52,False,yfinance
ZM,2023-05-22,2023-05-22 16:00:00-04:00,16.68,False,yfinance
ZM,2023-02-27,2023-02-27 16:00:00-05:00,49.48,False,yfinance
ZM,2022-11-21,2022-11-21 16:00:00-05:00,27.21,False,yfinance
ZM,2022-08-22,2022-08-22 16:00:00-04:00,12.65,False,yfinance
ZM,2022-05-23,2022-05-23 16:00:00-04:00,17.93,False,yfinance
ZM,2022-02-28,2022-02-28 16:00:00-05:00,20.75,False,yfinance
ZM,2021-11-22,2021-11-22 16:00:00-05:00,1.4,False,yfinance
ZM,2021-08-30,2021-08-30 16:00:00-04:00,17.28,False,yfinance
ZM,2021-06-01,2021-06-01 16:00:00-04:00,34.56,False,yfinance
ZM,2021-03-01,2021-03-01 16:00:00-05:00,54.4,False,yfinance
ZM,2020-11-30,2020-11-30 16:00:00-05:00,30.19,False,yfinance
ZM,2020-08-31,2020-08-31 16:00:00-04:00,102.73,False,yfinance
IOT,2026-09-03,2026-09-03 16:00:00-04:00,,True,yfinance
IOT,2026-06-04,2026-06-04 16:00:00-04:00,30.45,False,yfinance
IOT,2026-03-05,2026-03-05 16:00:00-05:00,40.9,False,yfinance
IOT,2025-12-04,2025-12-04 16:00:00-05:00,26.4,False,yfinance
IOT,2025-09-04,2025-09-04 16:00:00-04:00,65.59,False,yfinance
IOT,2025-06-05,2025-06-05 16:00:00-04:00,91.64,False,yfinance
IOT,2025-03-06,2025-03-06 16:00:00-05:00,55.74,False,yfinance
IOT,2024-12-05,2024-12-05 16:00:00-05:00,74.3,False,yfinance
IOT,2024-09-05,2024-09-05 16:00:00-04:00,446.45,False,yfinance
IOT,2024-06-06,2024-06-06 16:00:00-04:00,228.95,False,yfinance
IOT,2024-03-07,2024-03-07 16:00:00-05:00,49.09,False,yfinance
IOT,2023-11-30,2023-11-30 16:00:00-05:00,429.8,False,yfinance
IOT,2023-08-31,2023-08-31 16:00:00-04:00,145.45,False,yfinance
IOT,2023-06-01,2023-06-01 16:00:00-04:00,58.42,False,yfinance
IOT,2023-03-02,2023-03-02 16:00:00-05:00,59.74,False,yfinance
IOT,2022-12-01,2022-12-01 16:00:00-05:00,66.83,False,yfinance
IOT,2022-08-31,2022-08-31 16:00:00-04:00,43.26,False,yfinance
IOT,2022-06-02,2022-06-02 16:00:00-04:00,35.28,False,yfinance
IOT,2022-03-02,2022-03-02 16:00:00-05:00,33.83,False,yfinance
MDB,2026-08-26,2026-08-26 16:00:00-04:00,,True,yfinance
MDB,2026-05-28,2026-05-28 16:00:00-04:00,11.54,False,yfinance
MDB,2026-03-02,2026-03-02 16:00:00-05:00,12.08,False,yfinance
MDB,2025-12-01,2025-12-01 16:00:00-05:00,66.91,False,yfinance
MDB,2025-08-26,2025-08-26 16:00:00-04:00,52.39,False,yfinance
MDB,2025-06-04,2025-06-04 16:00:00-04:00,51.96,False,yfinance
MDB,2025-03-05,2025-03-05 16:00:00-05:00,91.05,False,yfinance
MDB,2024-12-09,2024-12-09 16:00:00-05:00,68.93,False,yfinance
MDB,2024-08-29,2024-08-29 16:00:00-04:00,44.41,False,yfinance
MDB,2024-05-30,2024-05-30 16:00:00-04:00,36.46,False,yfinance
MDB,2024-03-07,2024-03-07 16:00:00-05:00,82.61,False,yfinance
MDB,2023-12-05,2023-12-05 16:00:00-05:00,93.52,False,yfinance
MDB,2023-08-31,2023-08-31 16:00:00-04:00,105.68,False,yfinance
MDB,2023-06-01,2023-06-01 16:00:00-04:00,195.3,False,yfinance
MDB,2023-03-08,2023-03-08 16:00:00-05:00,656.57,False,yfinance
MDB,2022-12-06,2022-12-06 16:00:00-05:00,236.65,False,yfinance
MDB,2022-08-31,2022-08-31 16:00:00-04:00,18.67,False,yfinance
MDB,2022-06-01,2022-06-01 16:00:00-04:00,305.21,False,yfinance
MDB,2022-03-08,2022-03-08 16:00:00-05:00,57.32,False,yfinance
MDB,2021-12-06,2021-12-06 16:00:00-05:00,70.89,False,yfinance
MDB,2021-09-02,2021-09-02 16:00:00-04:00,40.27,False,yfinance
MDB,2021-06-03,2021-06-03 16:00:00-04:00,58.33,False,yfinance
MDB,2021-03-09,2021-03-09 16:00:00-05:00,14.93,False,yfinance
MDB,2020-12-08,2020-12-08 16:00:00-05:00,30.05,False,yfinance
MDB,2020-09-02,2020-09-02 16:00:00-04:00,44.41,False,yfinance
PH,2026-08-06,2026-08-06 08:00:00-04:00,,True,yfinance
PH,2026-04-30,2026-04-30 07:00:00-04:00,4.36,False,yfinance
PH,2026-01-29,2026-01-29 07:00:00-05:00,6.75,False,yfinance
PH,2025-11-06,2025-11-06 07:00:00-05:00,9.01,False,yfinance
PH,2025-08-07,2025-08-07 07:00:00-04:00,8.57,False,yfinance
PH,2025-05-01,2025-05-01 07:00:00-04:00,3.26,False,yfinance
PH,2025-01-30,2025-01-30 07:00:00-05:00,4.88,False,yfinance
PH,2024-10-31,2024-10-31 07:00:00-04:00,0.95,False,yfinance
PH,2024-08-08,2024-08-08 07:00:00-04:00,8.81,False,yfinance
PH,2024-05-02,2024-05-02 07:00:00-04:00,6.52,False,yfinance
PH,2024-02-01,2024-02-01 08:00:00-05:00,16.89,False,yfinance
PH,2023-11-02,2023-11-02 07:00:00-04:00,12.14,False,yfinance
PH,2023-08-03,2023-08-03 07:00:00-04:00,10.77,False,yfinance
PH,2023-05-04,2023-05-04 07:00:00-04:00,18.24,False,yfinance
PH,2023-02-02,2023-02-02 07:00:00-05:00,6.8,False,yfinance
PH,2022-11-03,2022-11-03 07:00:00-04:00,13.3,False,yfinance
PH,2022-08-04,2022-08-04 07:00:00-04:00,9.84,False,yfinance
PH,2022-05-05,2022-05-05 07:00:00-04:00,3.83,False,yfinance
PH,2022-02-03,2022-02-03 07:00:00-05:00,13.59,False,yfinance
PH,2021-11-04,2021-11-04 07:00:00-04:00,15.27,False,yfinance
PH,2021-08-05,2021-08-05 07:00:00-04:00,1.12,False,yfinance
PH,2021-04-29,2021-04-29 07:00:00-04:00,10.28,False,yfinance
PH,2021-02-04,2021-02-04 07:00:00-05:00,33.49,False,yfinance
PH,2020-11-05,2020-11-05 07:00:00-05:00,35.31,False,yfinance
PH,2020-08-06,2020-08-06 07:00:00-04:00,70.63,False,yfinance
GOOG,2026-10-28,2026-10-28 16:00:00-04:00,,True,yfinance
GOOG,2026-07-22,2026-07-22 16:00:00-04:00,212.9,False,yfinance
GOOG,2026-04-29,2026-04-29 16:00:00-04:00,94.3,False,yfinance
GOOG,2026-02-04,2026-02-04 16:00:00-05:00,6.78,False,yfinance
GOOG,2025-10-29,2025-10-29 16:00:00-04:00,26.88,False,yfinance
GOOG,2025-07-23,2025-07-23 16:00:00-04:00,5.09,False,yfinance
GOOG,2025-04-24,2025-04-24 16:00:00-04:00,39.84,False,yfinance
GOOG,2025-02-04,2025-02-04 16:00:00-05:00,1.18,False,yfinance
GOOG,2024-10-29,2024-10-29 16:00:00-04:00,14.74,False,yfinance
GOOG,2024-07-23,2024-07-23 16:00:00-04:00,2.54,False,yfinance
GOOG,2024-04-25,2024-04-25 16:00:00-04:00,25.58,False,yfinance
GOOG,2024-01-30,2024-01-30 16:00:00-05:00,2.53,False,yfinance
GOOG,2023-10-24,2023-10-24 16:00:00-04:00,7.05,False,yfinance
GOOG,2023-07-25,2023-07-25 16:00:00-04:00,7.29,False,yfinance
GOOG,2023-04-25,2023-04-25 16:00:00-04:00,9.45,False,yfinance
GOOG,2023-02-02,2023-02-02 16:00:00-05:00,-12.33,False,yfinance
GOOG,2022-10-25,2022-10-25 16:00:00-04:00,-16.01,False,yfinance
GOOG,2022-07-26,2022-07-26 16:00:00-04:00,-6.05,False,yfinance
GOOG,2022-04-26,2022-04-26 16:00:00-04:00,-3.67,False,yfinance
GOOG,2022-02-01,2022-02-01 16:00:00-05:00,12.52,False,yfinance
GOOG,2021-10-26,2021-10-26 16:00:00-04:00,20.44,False,yfinance
GOOG,2021-07-27,2021-07-27 16:00:00-04:00,42.7,False,yfinance
GOOG,2021-04-27,2021-04-27 16:00:00-04:00,67.88,False,yfinance
GOOG,2021-02-02,2021-02-02 16:00:00-05:00,39.28,False,yfinance
GOOG,2020-10-29,2020-10-29 16:00:00-04:00,46.48,False,yfinance
GOOGL,2026-10-28,2026-10-28 16:00:00-04:00,,True,yfinance
GOOGL,2026-07-22,2026-07-22 16:00:00-04:00,214.23,False,yfinance
GOOGL,2026-04-29,2026-04-29 16:00:00-04:00,94.3,False,yfinance
GOOGL,2026-02-04,2026-02-04 16:00:00-05:00,7.01,False,yfinance
GOOGL,2025-10-29,2025-10-29 16:00:00-04:00,26.88,False,yfinance
GOOGL,2025-07-23,2025-07-23 16:00:00-04:00,5.67,False,yfinance
GOOGL,2025-04-24,2025-04-24 16:00:00-04:00,39.84,False,yfinance
GOOGL,2025-02-04,2025-02-04 16:00:00-05:00,1.18,False,yfinance
GOOGL,2024-10-29,2024-10-29 16:00:00-04:00,14.83,False,yfinance
GOOGL,2024-07-23,2024-07-23 16:00:00-04:00,2.54,False,yfinance
GOOGL,2024-04-25,2024-04-25 16:00:00-04:00,25.58,False,yfinance
GOOGL,2024-01-30,2024-01-30 16:00:00-05:00,2.75,False,yfinance
GOOGL,2023-10-24,2023-10-24 16:00:00-04:00,7.05,False,yfinance
GOOGL,2023-07-25,2023-07-25 16:00:00-04:00,7.29,False,yfinance
GOOGL,2023-04-25,2023-04-25 16:00:00-04:00,9.45,False,yfinance
GOOGL,2023-02-02,2023-02-02 16:00:00-05:00,-12.33,False,yfinance
GOOGL,2022-10-25,2022-10-25 16:00:00-04:00,-16.01,False,yfinance
GOOGL,2022-07-26,2022-07-26 16:00:00-04:00,-6.05,False,yfinance
GOOGL,2022-04-26,2022-04-26 16:00:00-04:00,-3.67,False,yfinance
GOOGL,2022-02-01,2022-02-01 16:00:00-05:00,12.65,False,yfinance
GOOGL,2021-10-26,2021-10-26 16:00:00-04:00,20.44,False,yfinance
GOOGL,2021-07-27,2021-07-27 16:00:00-04:00,42.7,False,yfinance
GOOGL,2021-04-27,2021-04-27 16:00:00-04:00,67.76,False,yfinance
GOOGL,2021-02-02,2021-02-02 16:00:00-05:00,39.28,False,yfinance
GOOGL,2020-10-29,2020-10-29 16:00:00-04:00,46.24,False,yfinance
CRUS,2026-08-05,2026-08-05 16:00:00-04:00,,True,yfinance
CRUS,2026-05-06,2026-05-06 16:00:00-04:00,10.74,False,yfinance
CRUS,2026-02-03,2026-02-03 16:00:00-05:00,21.92,False,yfinance
CRUS,2025-11-04,2025-11-04 16:00:00-05:00,19.1,False,yfinance
CRUS,2025-08-05,2025-08-05 16:00:00-04:00,37.86,False,yfinance
CRUS,2025-05-06,2025-05-06 16:00:00-04:00,42.13,False,yfinance
CRUS,2025-02-04,2025-02-04 16:00:00-05:00,23.09,False,yfinance
CRUS,2024-11-04,2024-11-04 16:00:00-05:00,11.55,False,yfinance
CRUS,2024-08-06,2024-08-06 16:00:00-04:00,82.04,False,yfinance
CRUS,2024-05-07,2024-05-07 16:00:00-04:00,93.64,False,yfinance
CRUS,2024-02-06,2024-02-06 16:00:00-05:00,43.65,False,yfinance
CRUS,2023-11-02,2023-11-02 16:00:00-04:00,16.61,False,yfinance
CRUS,2023-08-02,2023-08-02 20:00:00-04:00,64.12,False,yfinance
CRUS,2023-05-04,2023-05-04 16:00:00-04:00,9.84,False,yfinance
CRUS,2023-02-02,2023-02-02 16:00:00-05:00,20.57,False,yfinance
CRUS,2022-11-01,2022-11-01 16:00:00-04:00,38.27,False,yfinance
CRUS,2022-08-02,2022-08-02 16:00:00-04:00,35.54,False,yfinance
CRUS,2022-05-03,2022-05-03 16:00:00-04:00,43.45,False,yfinance
CRUS,2022-01-31,2022-01-31 16:00:00-05:00,18.86,False,yfinance
CRUS,2021-11-01,2021-11-01 16:00:00-04:00,11.85,False,yfinance
CRUS,2021-07-28,2021-07-28 16:00:00-04:00,39.65,False,yfinance
CRUS,2021-04-29,2021-04-29 16:00:00-04:00,-7.04,False,yfinance
CRUS,2021-02-01,2021-02-01 16:00:00-05:00,14.62,False,yfinance
CRUS,2020-11-02,2020-11-02 16:00:00-05:00,40.94,False,yfinance
CRUS,2020-08-03,2020-08-03 16:00:00-04:00,75.6,False,yfinance
DT,2026-08-05,2026-08-05 08:00:00-04:00,,True,yfinance
DT,2026-05-13,2026-05-13 06:00:00-04:00,5.36,False,yfinance
DT,2026-02-09,2026-02-09 06:00:00-05:00,7.18,False,yfinance
DT,2025-11-05,2025-11-05 06:00:00-05:00,7.53,False,yfinance
DT,2025-08-06,2025-08-06 06:00:00-04:00,11.49,False,yfinance
DT,2025-05-14,2025-05-14 06:00:00-04:00,9.05,False,yfinance
DT,2025-01-30,2025-01-30 06:00:00-05:00,11.73,False,yfinance
DT,2024-11-07,2024-11-07 06:00:00-05:00,14.64,False,yfinance
DT,2024-08-07,2024-08-07 06:00:00-04:00,12.58,False,yfinance
DT,2024-05-15,2024-05-15 06:00:00-04:00,10.98,False,yfinance
DT,2024-02-08,2024-02-08 06:00:00-05:00,14.53,False,yfinance
DT,2023-11-02,2023-11-02 06:00:00-04:00,16.98,False,yfinance
DT,2023-08-02,2023-08-02 06:00:00-04:00,22.24,False,yfinance
DT,2023-05-17,2023-05-17 06:00:00-04:00,40.02,False,yfinance
DT,2023-02-01,2023-02-01 06:00:00-05:00,17.12,False,yfinance
DT,2022-11-02,2022-11-02 06:00:00-04:00,20.22,False,yfinance
DT,2022-08-03,2022-08-03 06:00:00-04:00,3.1,False,yfinance
DT,2022-05-18,2022-05-18 06:00:00-04:00,11.14,False,yfinance
DT,2022-02-02,2022-02-02 06:00:00-05:00,11.77,False,yfinance
DT,2021-10-27,2021-10-27 06:00:00-04:00,13.43,False,yfinance
DT,2021-07-28,2021-07-28 06:00:00-04:00,9.2,False,yfinance
DT,2021-05-12,2021-05-12 06:00:00-04:00,9.31,False,yfinance
DT,2021-02-03,2021-02-03 06:00:00-05:00,30.56,False,yfinance
DT,2020-10-28,2020-10-28 06:00:00-04:00,76.42,False,yfinance
DT,2020-07-29,2020-07-29 06:00:00-04:00,31.54,False,yfinance
SNOW,2026-08-26,2026-08-26 16:00:00-04:00,,True,yfinance
SNOW,2026-05-27,2026-05-27 16:00:00-04:00,21.95,False,yfinance
SNOW,2026-02-25,2026-02-25 16:00:00-05:00,17.78,False,yfinance
SNOW,2025-12-03,2025-12-03 16:00:00-05:00,12.49,False,yfinance
SNOW,2025-08-27,2025-08-27 16:00:00-04:00,31.35,False,yfinance
SNOW,2025-05-21,2025-05-21 16:00:00-04:00,13.15,False,yfinance
SNOW,2025-02-26,2025-02-26 16:00:00-05:00,67.26,False,yfinance
SNOW,2024-11-20,2024-11-20 16:00:00-05:00,31.67,False,yfinance
SNOW,2024-08-21,2024-08-21 16:00:00-04:00,13.46,False,yfinance
SNOW,2024-05-22,2024-05-22 16:00:00-04:00,-21.09,False,yfinance
SNOW,2024-02-28,2024-02-28 16:00:00-05:00,98.02,False,yfinance
SNOW,2023-11-29,2023-11-29 16:00:00-05:00,54.15,False,yfinance
SNOW,2023-08-23,2023-08-23 16:00:00-04:00,116.83,False,yfinance
SNOW,2023-05-24,2023-05-24 16:00:00-04:00,197.44,False,yfinance
SNOW,2023-03-01,2023-03-01 16:00:00-05:00,174.03,False,yfinance
SNOW,2022-11-30,2022-11-30 16:00:00-05:00,141.86,False,yfinance
SNOW,2022-08-24,2022-08-24 16:00:00-04:00,168.06,False,yfinance
SNOW,2022-05-25,2022-05-25 16:00:00-04:00,-71.25,False,yfinance
SNOW,2022-03-02,2022-03-02 16:00:00-05:00,310.62,False,yfinance
SNOW,2021-12-01,2021-12-01 16:00:00-05:00,163.36,False,yfinance
SNOW,2021-08-25,2021-08-25 16:00:00-04:00,73.98,False,yfinance
SNOW,2021-05-26,2021-05-26 16:00:00-04:00,28.42,False,yfinance
SNOW,2021-03-03,2021-03-03 16:00:00-05:00,9.45,False,yfinance
SNOW,2020-12-03,2020-12-03 08:00:00-05:00,-287.26,False,yfinance
LOAR,2026-08-06,2026-08-06 08:00:00-04:00,,True,yfinance
LOAR,2026-05-07,2026-05-07 08:00:00-04:00,110.21,False,yfinance
LOAR,2026-02-26,2026-02-26 08:00:00-05:00,34.44,False,yfinance
LOAR,2025-11-12,2025-11-12 08:00:00-05:00,64.07,False,yfinance
LOAR,2025-08-13,2025-08-13 08:00:00-04:00,25.46,False,yfinance
LOAR,2025-05-13,2025-05-13 08:00:00-04:00,15.49,False,yfinance
LOAR,2025-03-31,2025-03-31 08:00:00-04:00,1.77,False,yfinance
LOAR,2024-11-13,2024-11-13 08:00:00-05:00,15.56,False,yfinance
LOAR,2024-08-13,2024-08-13 08:00:00-04:00,33.65,False,yfinance
BG,2026-07-29,2026-07-29 08:00:00-04:00,,True,yfinance
BG,2026-04-29,2026-04-29 06:00:00-04:00,109.39,False,yfinance
BG,2026-02-04,2026-02-04 06:00:00-05:00,9.62,False,yfinance
BG,2025-11-05,2025-11-05 06:00:00-05:00,15.32,False,yfinance
BG,2025-07-30,2025-07-30 06:00:00-04:00,20.91,False,yfinance
BG,2025-05-07,2025-05-07 06:00:00-04:00,38.3,False,yfinance
BG,2025-02-05,2025-02-05 06:00:00-05:00,-5.35,False,yfinance
BG,2024-10-30,2024-10-30 06:00:00-04:00,6.58,False,yfinance
BG,2024-07-31,2024-07-31 06:00:00-04:00,-5.48,False,yfinance
BG,2024-04-24,2024-04-24 06:00:00-04:00,20.1,False,yfinance
BG,2024-02-07,2024-02-07 06:00:00-05:00,32.22,False,yfinance
BG,2023-10-26,2023-10-26 06:00:00-04:00,19.74,False,yfinance
BG,2023-08-02,2023-08-02 06:00:00-04:00,39.63,False,yfinance
BG,2023-05-03,2023-05-03 06:00:00-04:00,0.52,False,yfinance
BG,2023-02-08,2023-02-08 06:00:00-05:00,0.79,False,yfinance
BG,2022-10-26,2022-10-26 06:00:00-04:00,37.88,False,yfinance
BG,2022-07-27,2022-07-27 06:00:00-04:00,-7.22,False,yfinance
BG,2022-04-27,2022-04-27 06:00:00-04:00,44.78,False,yfinance
BG,2022-02-09,2022-02-09 06:00:00-05:00,21.42,False,yfinance
BG,2021-10-27,2021-10-27 06:00:00-04:00,161.94,False,yfinance
BG,2021-07-28,2021-07-28 06:00:00-04:00,61.1,False,yfinance
BG,2021-05-04,2021-05-04 06:00:00-04:00,102.68,False,yfinance
BG,2021-02-10,2021-02-10 06:00:00-05:00,67.5,False,yfinance
BG,2020-10-28,2020-10-28 06:00:00-04:00,1154.13,False,yfinance
BG,2020-07-29,2020-07-29 06:00:00-04:00,195.15,False,yfinance
LOPE,2026-07-30,2026-07-30 16:00:00-04:00,,True,yfinance
LOPE,2026-04-30,2026-04-30 16:00:00-04:00,2.88,False,yfinance
LOPE,2026-02-18,2026-02-18 16:00:00-05:00,0.47,False,yfinance
LOPE,2025-11-05,2025-11-05 16:00:00-05:00,,False,yfinance
LOPE,2025-08-06,2025-08-06 16:00:00-04:00,11.14,False,yfinance
LOPE,2025-05-06,2025-05-06 16:00:00-04:00,2.25,False,yfinance
LOPE,2025-02-19,2025-02-19 16:00:00-05:00,0.45,False,yfinance
LOPE,2024-11-06,2024-11-06 16:00:00-05:00,0.68,False,yfinance
LOPE,2024-08-06,2024-08-06 16:00:00-04:00,15.45,False,yfinance
LOPE,2024-05-07,2024-05-07 16:00:00-04:00,5.7,False,yfinance
LOPE,2024-02-13,2024-02-13 16:00:00-05:00,1.71,False,yfinance
LOPE,2023-11-02,2023-11-02 16:00:00-04:00,15.95,False,yfinance
LOPE,2023-08-03,2023-08-03 16:00:00-04:00,13.06,False,yfinance
LOPE,2023-05-02,2023-05-02 16:00:00-04:00,1.87,False,yfinance
LOPE,2023-02-16,2023-02-16 16:00:00-05:00,5.2,False,yfinance
LOPE,2022-10-27,2022-10-27 16:00:00-04:00,17.24,False,yfinance
LOPE,2022-08-04,2022-08-04 16:00:00-04:00,0.79,False,yfinance
LOPE,2022-05-04,2022-05-04 16:00:00-04:00,1.18,False,yfinance
LOPE,2022-02-16,2022-02-16 16:00:00-05:00,-0.16,False,yfinance
LOPE,2021-10-28,2021-10-28 16:00:00-04:00,-2.63,False,yfinance
LOPE,2021-08-05,2021-08-05 16:00:00-04:00,3.76,False,yfinance
LOPE,2021-05-05,2021-05-05 16:00:00-04:00,2.99,False,yfinance
LOPE,2021-02-17,2021-02-17 16:00:00-05:00,5.82,False,yfinance
LOPE,2020-11-05,2020-11-05 16:00:00-05:00,2.93,False,yfinance
LOPE,2020-08-04,2020-08-04 16:00:00-04:00,15.73,False,yfinance
AYI,2026-09-30,2026-09-30 08:00:00-04:00,,True,yfinance
AYI,2026-06-25,2026-06-25 06:00:00-04:00,2.4,False,yfinance
AYI,2026-04-02,2026-04-02 06:00:00-04:00,3.54,False,yfinance
AYI,2026-01-08,2026-01-08 06:00:00-05:00,2.15,False,yfinance
AYI,2025-10-01,2025-10-01 06:00:00-04:00,7.49,False,yfinance
AYI,2025-06-26,2025-06-26 06:00:00-04:00,15.34,False,yfinance
AYI,2025-04-03,2025-04-03 06:00:00-04:00,0.87,False,yfinance
AYI,2025-01-08,2025-01-08 06:00:00-05:00,1.91,False,yfinance
AYI,2024-10-01,2024-10-01 06:00:00-04:00,0.73,False,yfinance
AYI,2024-06-27,2024-06-27 06:00:00-04:00,1.64,False,yfinance
AYI,2024-04-03,2024-04-03 06:00:00-04:00,4.77,False,yfinance
AYI,2024-01-09,2024-01-09 06:00:00-05:00,15.11,False,yfinance
AYI,2023-10-04,2023-10-04 06:00:00-04:00,6.55,False,yfinance
AYI,2023-06-29,2023-06-29 06:00:00-04:00,0.63,False,yfinance
AYI,2023-04-04,2023-04-04 06:00:00-04:00,12.17,False,yfinance
AYI,2023-01-09,2023-01-09 06:00:00-05:00,9.01,False,yfinance
AYI,2022-10-04,2022-10-04 06:00:00-04:00,9.46,False,yfinance
AYI,2022-06-30,2022-06-30 06:00:00-04:00,20.96,False,yfinance
AYI,2022-04-05,2022-04-05 06:00:00-04:00,8.64,False,yfinance
AYI,2022-01-07,2022-01-07 06:00:00-05:00,18.27,False,yfinance
AYI,2021-10-06,2021-10-06 06:00:00-04:00,14.11,False,yfinance
AYI,2021-07-01,2021-07-01 07:00:00-04:00,21.51,False,yfinance
AYI,2021-03-31,2021-03-31 07:00:00-04:00,21.76,False,yfinance
AYI,2021-01-07,2021-01-07 08:00:00-05:00,9.38,False,yfinance
AYI,2020-10-08,2020-10-08 08:00:00-04:00,16.94,False,yfinance
PATH,2026-09-03,2026-09-03 16:00:00-04:00,,True,yfinance
PATH,2026-05-28,2026-05-28 16:00:00-04:00,-5.51,False,yfinance
PATH,2026-03-11,2026-03-11 16:00:00-04:00,17.76,False,yfinance
PATH,2025-12-03,2025-12-03 16:00:00-05:00,9.63,False,yfinance
PATH,2025-09-04,2025-09-04 16:00:00-04:00,79.81,False,yfinance
PATH,2025-05-29,2025-05-29 16:00:00-04:00,7.18,False,yfinance
PATH,2025-03-12,2025-03-12 16:00:00-04:00,33.99,False,yfinance
PATH,2024-12-05,2024-12-05 16:00:00-05:00,47.91,False,yfinance
PATH,2024-09-05,2024-09-05 16:00:00-04:00,21.62,False,yfinance
PATH,2024-05-29,2024-05-29 16:00:00-04:00,11.72,False,yfinance
PATH,2024-03-13,2024-03-13 16:00:00-04:00,39.27,False,yfinance
PATH,2023-11-30,2023-11-30 16:00:00-05:00,72.44,False,yfinance
PATH,2023-09-05,2023-09-05 22:00:00-04:00,172.48,False,yfinance
PATH,2023-05-24,2023-05-24 16:00:00-04:00,374.75,False,yfinance
PATH,2023-03-15,2023-03-15 16:00:00-04:00,129.81,False,yfinance
PATH,2022-12-01,2022-12-01 16:00:00-05:00,448.19,False,yfinance
PATH,2022-09-06,2022-09-06 16:00:00-04:00,81.95,False,yfinance
PATH,2022-06-01,2022-06-01 16:00:00-04:00,45.6,False,yfinance
PATH,2022-03-30,2022-03-30 16:00:00-04:00,77.94,False,yfinance
PATH,2021-12-08,2021-12-08 16:00:00-05:00,100.0,True,yfinance
PATH,2021-09-07,2021-09-07 16:00:00-04:00,117.51,False,yfinance
PATH,2021-06-08,2021-06-08 16:00:00-04:00,142.77,False,yfinance
GTLB,2026-09-02,2026-09-02 16:00:00-04:00,,True,yfinance
GTLB,2026-06-02,2026-06-02 16:00:00-04:00,12.32,False,yfinance
GTLB,2026-03-03,2026-03-03 16:00:00-05:00,29.98,False,yfinance
GTLB,2025-12-02,2025-12-02 16:00:00-05:00,24.02,False,yfinance
GTLB,2025-09-03,2025-09-03 16:00:00-04:00,46.48,False,yfinance
GTLB,2025-06-10,2025-06-10 16:00:00-04:00,12.05,False,yfinance
GTLB,2025-03-03,2025-03-03 16:00:00-05:00,44.65,False,yfinance
GTLB,2024-12-05,2024-12-05 16:00:00-05:00,44.4,False,yfinance
GTLB,2024-09-03,2024-09-03 16:00:00-04:00,45.79,False,yfinance
GTLB,2024-06-03,2024-06-03 16:00:00-04:00,179.22,False,yfinance
GTLB,2024-03-04,2024-03-04 16:00:00-05:00,77.83,False,yfinance
GTLB,2023-12-04,2023-12-04 16:00:00-05:00,1710.02,False,yfinance
GTLB,2023-09-05,2023-09-05 16:00:00-04:00,139.56,False,yfinance
GTLB,2023-06-05,2023-06-05 16:00:00-04:00,57.89,False,yfinance
GTLB,2023-03-13,2023-03-13 16:00:00-04:00,78.73,False,yfinance
GTLB,2022-12-05,2022-12-05 16:00:00-05:00,34.62,False,yfinance
GTLB,2022-09-06,2022-09-06 16:00:00-04:00,34.83,False,yfinance
GTLB,2022-06-06,2022-06-06 16:00:00-04:00,31.93,False,yfinance
GTLB,2022-03-14,2022-03-14 16:00:00-04:00,36.48,False,yfinance
GTLB,2021-12-06,2021-12-06 16:00:00-05:00,29.21,False,yfinance
PAYX,2026-09-29,2026-09-29 08:00:00-04:00,,True,yfinance
PAYX,2026-06-24,2026-06-24 08:00:00-04:00,0.91,False,yfinance
PAYX,2026-03-25,2026-03-25 08:00:00-04:00,2.31,False,yfinance
PAYX,2025-12-19,2025-12-19 08:00:00-05:00,2.4,False,yfinance
PAYX,2025-09-30,2025-09-30 08:00:00-04:00,1.42,False,yfinance
PAYX,2025-06-25,2025-06-25 08:00:00-04:00,-0.66,False,yfinance
PAYX,2025-03-26,2025-03-26 08:00:00-04:00,0.7,False,yfinance
PAYX,2024-12-19,2024-12-19 08:00:00-05:00,1.51,False,yfinance
PAYX,2024-10-01,2024-10-01 08:00:00-04:00,1.97,False,yfinance
PAYX,2024-06-26,2024-06-26 08:00:00-04:00,1.83,False,yfinance
PAYX,2024-04-02,2024-04-02 08:00:00-04:00,0.91,False,yfinance
PAYX,2023-12-21,2023-12-21 08:00:00-05:00,0.59,False,yfinance
PAYX,2023-09-27,2023-09-27 08:00:00-04:00,1.74,False,yfinance
PAYX,2023-06-29,2023-06-29 08:00:00-04:00,0.08,False,yfinance
PAYX,2023-03-29,2023-03-29 08:00:00-04:00,4.0,False,yfinance
PAYX,2022-12-22,2022-12-22 08:00:00-05:00,3.01,False,yfinance
PAYX,2022-09-28,2022-09-28 08:00:00-04:00,6.11,False,yfinance
PAYX,2022-06-29,2022-06-29 08:00:00-04:00,2.06,False,yfinance
PAYX,2022-03-30,2022-03-30 08:00:00-04:00,9.83,False,yfinance
PAYX,2021-12-22,2021-12-22 08:00:00-05:00,14.11,False,yfinance
PAYX,2021-09-30,2021-09-30 08:00:00-04:00,10.86,False,yfinance
PAYX,2021-06-25,2021-06-25 08:00:00-04:00,7.65,False,yfinance
PAYX,2021-04-06,2021-04-06 08:00:00-04:00,4.08,False,yfinance
PAYX,2020-12-23,2020-12-23 08:00:00-05:00,10.64,False,yfinance
PAYX,2020-10-06,2020-10-06 08:00:00-04:00,14.35,False,yfinance
WDAY,2026-08-20,2026-08-20 16:00:00-04:00,,True,yfinance
WDAY,2026-05-21,2026-05-21 16:00:00-04:00,5.68,False,yfinance
WDAY,2026-02-24,2026-02-24 16:00:00-05:00,6.41,False,yfinance
WDAY,2025-11-25,2025-11-25 16:00:00-05:00,6.74,False,yfinance
WDAY,2025-08-21,2025-08-21 16:00:00-04:00,4.44,False,yfinance
WDAY,2025-05-22,2025-05-22 16:00:00-04:00,10.99,False,yfinance
WDAY,2025-02-25,2025-02-25 16:00:00-05:00,8.06,False,yfinance
WDAY,2024-11-26,2024-11-26 16:00:00-05:00,7.49,False,yfinance
WDAY,2024-08-22,2024-08-22 16:00:00-04:00,6.05,False,yfinance
WDAY,2024-05-23,2024-05-23 16:00:00-04:00,10.12,False,yfinance
WDAY,2024-02-26,2024-02-26 16:00:00-05:00,7.03,False,yfinance
WDAY,2023-11-28,2023-11-28 16:00:00-05:00,8.72,False,yfinance
WDAY,2023-08-24,2023-08-24 16:00:00-04:00,13.61,False,yfinance
WDAY,2023-05-25,2023-05-25 16:00:00-04:00,16.62,False,yfinance
WDAY,2023-02-27,2023-02-27 16:00:00-05:00,10.4,False,yfinance
WDAY,2022-11-29,2022-11-29 16:00:00-05:00,17.12,False,yfinance
WDAY,2022-08-25,2022-08-25 16:00:00-04:00,3.24,False,yfinance
WDAY,2022-05-26,2022-05-26 16:00:00-04:00,-2.83,False,yfinance
WDAY,2022-02-28,2022-02-28 16:00:00-05:00,9.58,False,yfinance
WDAY,2021-11-18,2021-11-18 16:00:00-05:00,27.06,False,yfinance
WDAY,2021-08-26,2021-08-26 16:00:00-04:00,60.19,False,yfinance
WDAY,2021-05-26,2021-05-26 16:00:00-04:00,19.28,False,yfinance
WDAY,2021-02-25,2021-02-25 16:00:00-05:00,31.65,False,yfinance
WDAY,2020-11-19,2020-11-19 16:00:00-05:00,28.03,False,yfinance
WDAY,2020-08-27,2020-08-27 16:00:00-04:00,27.27,False,yfinance
MLI,2026-10-20,2026-10-20 08:00:00-04:00,,True,yfinance
MLI,2026-07-21,2026-07-21 07:00:00-04:00,1.86,False,yfinance
MLI,2026-04-21,2026-04-21 07:00:00-04:00,28.48,False,yfinance
MLI,2026-02-03,2026-02-03 07:00:00-05:00,-21.36,False,yfinance
MLI,2025-10-21,2025-10-21 07:00:00-04:00,-8.25,False,yfinance
MLI,2025-07-22,2025-07-22 07:00:00-04:00,20.99,False,yfinance
MLI,2025-04-22,2025-04-22 07:00:00-04:00,6.11,False,yfinance
MLI,2025-02-04,2025-02-04 07:00:00-05:00,5.82,False,yfinance
MLI,2024-10-22,2024-10-22 07:00:00-04:00,12.12,False,yfinance
MLI,2024-07-23,2024-07-23 07:00:00-04:00,9.3,False,yfinance
MLI,2024-04-23,2024-04-23 07:00:00-04:00,15.24,False,yfinance
MLI,2024-02-06,2024-02-06 07:00:00-05:00,90.23,False,yfinance
MLI,2023-10-24,2023-10-24 07:00:00-04:00,133.69,False,yfinance
MLI,2023-07-25,2023-07-25 07:00:00-04:00,8.05,False,yfinance
MLI,2023-04-25,2023-04-25 07:00:00-04:00,64.17,False,yfinance
MLI,2023-02-07,2023-02-07 07:00:00-05:00,20.87,False,yfinance
MLI,2022-10-18,2022-10-18 07:00:00-04:00,16.6,False,yfinance
MLI,2022-07-19,2022-07-19 07:00:00-04:00,62.95,False,yfinance
MLI,2019-10-22,2019-10-22 07:00:00-04:00,18.18,False,yfinance
MLI,2019-07-23,2019-07-23 07:00:00-04:00,13.73,False,yfinance
MLI,2019-04-23,2019-04-23 07:00:00-04:00,-15.77,False,yfinance
MLI,2019-02-05,2019-02-05 07:00:00-05:00,100.82,False,yfinance
MLI,2018-10-23,2018-10-23 07:00:00-04:00,-29.09,False,yfinance
MLI,2018-07-24,2018-07-24 07:00:00-04:00,6.26,False,yfinance
MLI,2016-10-25,2016-10-25 07:00:00-04:00,,False,yfinance
PLTR,2026-08-03,2026-08-03 16:00:00-04:00,,True,yfinance
PLTR,2026-05-04,2026-05-04 16:00:00-04:00,18.08,False,yfinance
PLTR,2026-02-02,2026-02-02 16:00:00-05:00,8.6,False,yfinance
PLTR,2025-11-03,2025-11-03 16:00:00-05:00,25.46,False,yfinance
PLTR,2025-08-04,2025-08-04 16:00:00-04:00,15.57,False,yfinance
PLTR,2025-05-05,2025-05-05 16:00:00-04:00,1.11,False,yfinance
PLTR,2025-02-03,2025-02-03 16:00:00-05:00,23.72,False,yfinance
PLTR,2024-11-04,2024-11-04 16:00:00-05:00,10.06,False,yfinance
PLTR,2024-08-05,2024-08-05 16:00:00-04:00,10.55,False,yfinance
PLTR,2024-05-06,2024-05-06 16:00:00-04:00,4.1,False,yfinance
PLTR,2024-02-05,2024-02-05 16:00:00-05:00,5.39,False,yfinance
PLTR,2023-11-02,2023-11-02 07:00:00-04:00,25.07,False,yfinance
PLTR,2023-08-07,2023-08-07 16:00:00-04:00,-0.79,False,yfinance
PLTR,2023-05-08,2023-05-08 16:00:00-04:00,25.03,False,yfinance
PLTR,2023-02-13,2023-02-13 16:00:00-05:00,49.48,False,yfinance
PLTR,2022-11-07,2022-11-07 07:00:00-05:00,-38.61,False,yfinance
PLTR,2022-08-08,2022-08-08 07:00:00-04:00,-131.7,False,yfinance
PLTR,2022-05-09,2022-05-09 07:00:00-04:00,-45.37,False,yfinance
PLTR,2022-02-17,2022-02-17 06:00:00-05:00,-44.09,False,yfinance
PLTR,2021-11-09,2021-11-09 07:00:00-05:00,10.16,False,yfinance
PLTR,2021-08-12,2021-08-12 07:00:00-04:00,16.01,False,yfinance
PLTR,2021-05-11,2021-05-11 07:00:00-04:00,7.87,False,yfinance
PLTR,2021-02-16,2021-02-16 07:00:00-05:00,128.04,False,yfinance
PLTR,2020-11-12,2020-11-12 16:00:00-05:00,145.25,False,yfinance
P,2026-08-26,2026-08-26 16:00:00-04:00,,True,yfinance
P,2026-05-27,2026-05-27 16:00:00-04:00,18.85,False,yfinance
P,2026-02-25,2026-02-25 16:00:00-05:00,6.99,False,yfinance
P,2025-12-02,2025-12-02 16:00:00-05:00,-0.72,False,yfinance
P,2025-08-27,2025-08-27 16:00:00-04:00,10.9,False,yfinance
P,2025-05-28,2025-05-28 16:00:00-04:00,17.05,False,yfinance
P,2025-02-26,2025-02-26 16:00:00-05:00,8.3,False,yfinance
P,2024-12-03,2024-12-03 16:00:00-05:00,19.29,False,yfinance
P,2024-08-28,2024-08-28 16:00:00-04:00,18.91,False,yfinance
P,2024-05-29,2024-05-29 16:00:00-04:00,50.42,False,yfinance
P,2024-02-28,2024-02-28 16:00:00-05:00,14.74,False,yfinance
P,2023-11-29,2023-11-29 16:00:00-05:00,25.04,False,yfinance
P,2023-08-30,2023-08-30 16:00:00-04:00,22.35,False,yfinance
P,2023-05-31,2023-05-31 16:00:00-04:00,115.63,False,yfinance
P,2023-03-01,2023-03-01 16:00:00-05:00,37.12,False,yfinance
P,2022-11-30,2022-11-30 16:00:00-05:00,23.18,False,yfinance
P,2022-08-31,2022-08-31 16:00:00-04:00,46.43,False,yfinance
P,2022-06-01,2022-06-01 16:00:00-04:00,454.08,False,yfinance
P,2022-03-02,2022-03-02 16:00:00-05:00,36.91,False,yfinance
P,2021-11-23,2021-11-23 16:00:00-05:00,77.88,False,yfinance
P,2021-08-25,2021-08-25 16:00:00-04:00,163.36,False,yfinance
P,2021-05-26,2021-05-26 16:00:00-04:00,100.0,True,yfinance
P,2021-02-24,2021-02-24 16:00:00-05:00,42.61,False,yfinance
P,2020-11-24,2020-11-24 16:00:00-05:00,407.69,False,yfinance
P,2020-08-25,2020-08-25 16:00:00-04:00,1160.5,False,yfinance
FRPT,2026-08-05,2026-08-05 08:00:00-04:00,,True,yfinance
FRPT,2026-05-06,2026-05-06 06:00:00-04:00,92.22,False,yfinance
FRPT,2026-02-23,2026-02-23 06:00:00-05:00,29.5,False,yfinance
FRPT,2025-11-03,2025-11-03 06:00:00-05:00,353.56,False,yfinance
FRPT,2025-08-04,2025-08-04 06:00:00-04:00,116.43,False,yfinance
FRPT,2025-05-05,2025-05-05 06:00:00-04:00,-0.84,False,yfinance
FRPT,2025-02-20,2025-02-20 06:00:00-05:00,-47.6,False,yfinance
FRPT,2024-11-04,2024-11-04 06:00:00-05:00,47.85,False,yfinance
FRPT,2024-08-05,2024-08-05 06:00:00-04:00,43.53,False,yfinance
FRPT,2024-05-06,2024-05-06 16:00:00-04:00,172.46,False,yfinance
FRPT,2024-02-26,2024-02-26 06:00:00-05:00,235.0,False,yfinance
FRPT,2023-11-06,2023-11-06 06:00:00-05:00,85.15,False,yfinance
FRPT,2023-08-07,2023-08-07 06:00:00-04:00,35.38,False,yfinance
FRPT,2023-05-08,2023-05-08 16:00:00-04:00,-8.34,False,yfinance
FRPT,2023-02-27,2023-02-27 06:00:00-05:00,142.87,False,yfinance
FRPT,2022-11-01,2022-11-01 16:00:00-04:00,-54.27,False,yfinance
FRPT,2022-08-08,2022-08-08 16:00:00-04:00,-102.85,False,yfinance
FRPT,2022-05-03,2022-05-03 07:00:00-04:00,46.33,False,yfinance
FRPT,2022-02-28,2022-02-28 16:00:00-05:00,-24.1,False,yfinance
FRPT,2021-11-08,2021-11-08 16:00:00-05:00,-92.34,False,yfinance
FRPT,2021-08-02,2021-08-02 16:00:00-04:00,-2012.6,False,yfinance
FRPT,2021-05-03,2021-05-03 16:00:00-04:00,-123.86,False,yfinance
FRPT,2021-02-22,2021-02-22 16:00:00-05:00,41.38,False,yfinance
FRPT,2020-11-02,2020-11-02 16:00:00-05:00,89.63,False,yfinance
FRPT,2020-08-03,2020-08-03 16:00:00-04:00,212.25,False,yfinance
ALGM,2026-07-30,2026-07-30 08:00:00-04:00,,True,yfinance
ALGM,2026-05-07,2026-05-07 07:00:00-04:00,3.75,False,yfinance
ALGM,2026-01-29,2026-01-29 07:00:00-05:00,4.09,False,yfinance
ALGM,2025-10-30,2025-10-30 07:00:00-04:00,5.37,False,yfinance
ALGM,2025-07-31,2025-07-31 07:00:00-04:00,6.5,False,yfinance
ALGM,2025-05-08,2025-05-08 07:00:00-04:00,19.59,False,yfinance
ALGM,2025-01-30,2025-01-30 07:00:00-05:00,9.12,False,yfinance
ALGM,2024-10-31,2024-10-31 07:00:00-04:00,27.37,False,yfinance
ALGM,2024-08-01,2024-08-01 07:00:00-04:00,47.57,False,yfinance
ALGM,2024-05-09,2024-05-09 07:00:00-04:00,17.06,False,yfinance
ALGM,2024-02-01,2024-02-01 07:00:00-05:00,10.66,False,yfinance
ALGM,2023-11-02,2023-11-02 07:00:00-04:00,8.11,False,yfinance
ALGM,2023-08-01,2023-08-01 07:00:00-04:00,6.27,False,yfinance
ALGM,2023-05-10,2023-05-10 16:00:00-04:00,2.73,False,yfinance
ALGM,2023-01-31,2023-01-31 07:00:00-05:00,9.6,False,yfinance
ALGM,2022-10-27,2022-10-27 07:00:00-04:00,19.41,False,yfinance
ALGM,2022-07-28,2022-07-28 07:00:00-04:00,7.32,False,yfinance
ALGM,2022-05-09,2022-05-09 16:00:00-04:00,2.44,False,yfinance
ALGM,2022-02-01,2022-02-01 08:00:00-05:00,5.92,False,yfinance
ALGM,2021-10-28,2021-10-28 08:00:00-04:00,11.11,False,yfinance
ALGM,2021-07-29,2021-07-29 07:00:00-04:00,12.5,False,yfinance
ALGM,2021-05-05,2021-05-05 08:00:00-04:00,7.14,False,yfinance
ALGM,2021-02-02,2021-02-02 16:00:00-05:00,1.09,False,yfinance
KRMN,2026-08-06,2026-08-06 16:00:00-04:00,,True,yfinance
KRMN,2026-03-25,2026-03-25 16:00:00-04:00,-2.27,False,yfinance
KRMN,2025-11-06,2025-11-06 16:00:00-05:00,-10.45,False,yfinance
KRMN,2025-08-07,2025-08-07 16:00:00-04:00,42.86,False,yfinance
KRMN,2025-05-13,2025-05-13 16:00:00-04:00,199.94,False,yfinance
STZ,2026-10-05,2026-10-05 16:00:00-04:00,,True,yfinance
STZ,2026-06-30,2026-06-30 16:00:00-04:00,7.13,False,yfinance
STZ,2026-04-08,2026-04-08 16:00:00-04:00,10.79,False,yfinance
STZ,2026-01-07,2026-01-07 16:00:00-05:00,16.21,False,yfinance
STZ,2025-10-06,2025-10-06 16:00:00-04:00,6.51,False,yfinance
STZ,2025-07-01,2025-07-01 16:00:00-04:00,-2.27,False,yfinance
STZ,2025-04-09,2025-04-09 16:00:00-04:00,15.94,False,yfinance
STZ,2025-01-10,2025-01-10 08:00:00-05:00,-1.92,False,yfinance
STZ,2024-10-03,2024-10-03 07:00:00-04:00,6.03,False,yfinance
STZ,2024-07-03,2024-07-03 07:00:00-04:00,3.36,False,yfinance
STZ,2024-04-11,2024-04-11 07:00:00-04:00,7.57,False,yfinance
STZ,2024-01-05,2024-01-05 07:00:00-05:00,6.46,False,yfinance
STZ,2023-10-05,2023-10-05 16:00:00-04:00,9.63,False,yfinance
STZ,2023-06-30,2023-06-30 16:00:00-04:00,2.85,False,yfinance
STZ,2023-04-06,2023-04-06 07:00:00-04:00,7.39,False,yfinance
STZ,2023-01-05,2023-01-05 16:00:00-05:00,-2.1,False,yfinance
STZ,2022-10-06,2022-10-06 05:00:00-04:00,12.62,False,yfinance
STZ,2022-06-30,2022-06-30 05:00:00-04:00,5.46,False,yfinance
STZ,2022-04-07,2022-04-07 04:00:00-04:00,11.76,False,yfinance
STZ,2022-01-06,2022-01-06 07:00:00-05:00,12.23,False,yfinance
STZ,2021-10-06,2021-10-06 16:00:00-04:00,-14.28,False,yfinance
STZ,2021-06-30,2021-06-30 08:00:00-04:00,-0.81,False,yfinance
STZ,2021-04-08,2021-04-08 08:00:00-04:00,17.54,False,yfinance
STZ,2021-01-07,2021-01-07 07:00:00-05:00,28.24,False,yfinance
STZ,2020-10-01,2020-10-01 08:00:00-04:00,9.82,False,yfinance
SMCI,2026-08-11,2026-08-11 16:00:00-04:00,,True,yfinance
SMCI,2026-05-05,2026-05-05 16:00:00-04:00,34.51,False,yfinance
SMCI,2026-02-03,2026-02-03 16:00:00-05:00,41.43,False,yfinance
SMCI,2025-11-04,2025-11-04 16:00:00-05:00,-10.08,False,yfinance
SMCI,2025-08-05,2025-08-05 16:00:00-04:00,-6.58,False,yfinance
SMCI,2025-05-06,2025-05-06 16:00:00-04:00,3.78,False,yfinance
SMCI,2025-02-25,2025-02-25 16:00:00-05:00,1.92,False,yfinance
SMCI,2024-08-06,2024-08-06 16:00:00-04:00,-23.24,False,yfinance
SMCI,2024-04-30,2024-04-30 16:00:00-04:00,19.4,False,yfinance
SMCI,2024-01-29,2024-01-29 16:00:00-05:00,8.32,False,yfinance
SMCI,2023-11-01,2023-11-01 16:00:00-04:00,5.65,False,yfinance
SMCI,2023-08-08,2023-08-08 16:00:00-04:00,20.72,False,yfinance
SMCI,2023-05-02,2023-05-02 16:00:00-04:00,-4.57,False,yfinance
SMCI,2023-01-31,2023-01-31 16:00:00-05:00,7.71,False,yfinance
SMCI,2022-11-01,2022-11-01 16:00:00-04:00,21.42,False,yfinance
SMCI,2022-08-09,2022-08-09 16:00:00-04:00,11.65,False,yfinance
SMCI,2022-05-03,2022-05-03 16:00:00-04:00,26.71,False,yfinance
SMCI,2022-02-01,2022-02-01 16:00:00-05:00,13.18,False,yfinance
SMCI,2021-11-02,2021-11-02 16:00:00-04:00,54.67,False,yfinance
SMCI,2021-08-10,2021-08-10 16:00:00-04:00,3.85,False,yfinance
SMCI,2021-05-04,2021-05-04 16:00:00-04:00,6.95,False,yfinance
SMCI,2021-02-02,2021-02-02 16:00:00-05:00,44.0,False,yfinance
SMCI,2020-11-03,2020-11-03 16:00:00-05:00,254.84,False,yfinance
SMCI,2020-08-11,2020-08-11 16:00:00-04:00,29.11,False,yfinance
CSCO,2026-08-12,2026-08-12 16:00:00-04:00,,True,yfinance
CSCO,2026-05-13,2026-05-13 16:00:00-04:00,2.29,False,yfinance
CSCO,2026-02-11,2026-02-11 16:00:00-05:00,1.75,False,yfinance
CSCO,2025-11-12,2025-11-12 16:00:00-05:00,1.82,False,yfinance
CSCO,2025-08-13,2025-08-13 16:00:00-04:00,1.3,False,yfinance
CSCO,2025-05-14,2025-05-14 16:00:00-04:00,4.64,False,yfinance
CSCO,2025-02-12,2025-02-12 16:00:00-05:00,3.41,False,yfinance
CSCO,2024-11-13,2024-11-13 16:00:00-05:00,4.47,False,yfinance
CSCO,2024-08-14,2024-08-14 16:00:00-04:00,2.49,False,yfinance
CSCO,2024-05-15,2024-05-15 16:00:00-04:00,7.71,False,yfinance
CSCO,2024-02-14,2024-02-14 16:00:00-05:00,3.96,False,yfinance
CSCO,2023-11-15,2023-11-15 16:00:00-05:00,7.71,False,yfinance
CSCO,2023-08-16,2023-08-16 16:00:00-04:00,7.68,False,yfinance
CSCO,2023-05-17,2023-05-17 16:00:00-04:00,3.25,False,yfinance
CSCO,2023-02-15,2023-02-15 16:00:00-05:00,2.84,False,yfinance
CSCO,2022-11-16,2022-11-16 16:00:00-05:00,2.85,False,yfinance
CSCO,2022-08-17,2022-08-17 16:00:00-04:00,1.07,False,yfinance
CSCO,2022-05-18,2022-05-18 16:00:00-04:00,0.93,False,yfinance
CSCO,2022-02-16,2022-02-16 16:00:00-05:00,3.78,False,yfinance
CSCO,2021-11-17,2021-11-17 16:00:00-05:00,1.92,False,yfinance
CSCO,2021-08-18,2021-08-18 16:00:00-04:00,1.46,False,yfinance
CSCO,2021-05-19,2021-05-19 16:00:00-04:00,1.11,False,yfinance
CSCO,2021-02-09,2021-02-09 16:00:00-05:00,4.61,False,yfinance
CSCO,2020-11-12,2020-11-12 16:00:00-05:00,8.04,False,yfinance
CSCO,2020-08-12,2020-08-12 16:00:00-04:00,8.42,False,yfinance
WMT,2026-08-20,2026-08-20 08:00:00-04:00,,True,yfinance
WMT,2026-05-21,2026-05-21 06:00:00-04:00,0.19,False,yfinance
WMT,2026-02-19,2026-02-19 06:00:00-05:00,1.79,False,yfinance
WMT,2025-11-20,2025-11-20 06:00:00-05:00,3.11,False,yfinance
WMT,2025-08-21,2025-08-21 06:00:00-04:00,-7.97,False,yfinance
WMT,2025-05-15,2025-05-15 06:00:00-04:00,5.64,False,yfinance
WMT,2025-02-20,2025-02-20 06:00:00-05:00,2.04,False,yfinance
WMT,2024-11-19,2024-11-19 06:00:00-05:00,8.84,False,yfinance
WMT,2024-08-15,2024-08-15 06:00:00-04:00,3.76,False,yfinance
WMT,2024-05-16,2024-05-16 06:00:00-04:00,14.24,False,yfinance
WMT,2024-02-20,2024-02-20 06:00:00-05:00,9.35,False,yfinance
WMT,2023-11-16,2023-11-16 06:00:00-05:00,0.39,False,yfinance
WMT,2023-08-17,2023-08-17 06:00:00-04:00,7.88,False,yfinance
WMT,2023-05-18,2023-05-18 07:00:00-04:00,11.64,False,yfinance
WMT,2023-02-21,2023-02-21 07:00:00-05:00,12.88,False,yfinance
WMT,2022-11-15,2022-11-15 07:00:00-05:00,13.95,False,yfinance
WMT,2022-08-16,2022-08-16 07:00:00-04:00,10.02,False,yfinance
WMT,2022-05-17,2022-05-17 06:00:00-04:00,-12.1,False,yfinance
WMT,2022-02-17,2022-02-17 07:00:00-05:00,2.21,False,yfinance
WMT,2021-11-16,2021-11-16 07:00:00-05:00,3.97,False,yfinance
WMT,2021-08-17,2021-08-17 07:00:00-04:00,13.17,False,yfinance
WMT,2021-05-18,2021-05-18 06:00:00-04:00,40.06,False,yfinance
WMT,2021-02-18,2021-02-18 06:00:00-05:00,-8.0,False,yfinance
WMT,2020-11-17,2020-11-17 07:00:00-05:00,12.8,False,yfinance
WMT,2020-08-18,2020-08-18 06:00:00-04:00,24.11,False,yfinance
APP,2026-08-05,2026-08-05 16:00:00-04:00,,True,yfinance
APP,2026-05-06,2026-05-06 16:00:00-04:00,3.49,False,yfinance
APP,2026-02-11,2026-02-11 16:00:00-05:00,11.87,False,yfinance
APP,2025-11-05,2025-11-05 16:00:00-05:00,0.64,False,yfinance
APP,2025-08-06,2025-08-06 16:00:00-04:00,1.71,False,yfinance
APP,2025-05-07,2025-05-07 16:00:00-04:00,21.79,False,yfinance
APP,2025-02-12,2025-02-12 16:00:00-05:00,13.29,False,yfinance
APP,2024-11-06,2024-11-06 16:00:00-05:00,19.64,False,yfinance
APP,2024-08-07,2024-08-07 16:00:00-04:00,-7.16,False,yfinance
APP,2024-05-08,2024-05-08 17:00:00-04:00,-12.41,False,yfinance
APP,2024-02-14,2024-02-14 16:00:00-05:00,39.34,False,yfinance
APP,2023-11-08,2023-11-08 16:00:00-05:00,11.22,False,yfinance
APP,2023-08-09,2023-08-09 16:00:00-04:00,-17.07,False,yfinance
APP,2023-05-10,2023-05-10 16:00:00-04:00,-52.8,False,yfinance
APP,2023-02-08,2023-02-08 16:00:00-05:00,-571.9,False,yfinance
APP,2022-11-09,2022-11-09 16:00:00-05:00,-10.91,False,yfinance
APP,2022-08-10,2022-08-10 16:00:00-04:00,-140.01,False,yfinance
APP,2022-05-11,2022-05-11 16:00:00-04:00,-86.59,False,yfinance
APP,2022-02-16,2022-02-16 16:00:00-05:00,33.66,False,yfinance
APP,2021-11-10,2021-11-10 16:00:00-05:00,-100.0,True,yfinance
APP,2021-08-11,2021-08-11 16:00:00-04:00,-12.2,False,yfinance
APP,2021-05-12,2021-05-12 16:00:00-04:00,235.06,False,yfinance
ORCL,2026-09-09,2026-09-09 16:00:00-04:00,,True,yfinance
ORCL,2026-06-10,2026-06-10 16:00:00-04:00,7.52,False,yfinance
ORCL,2026-03-10,2026-03-10 16:00:00-04:00,5.69,False,yfinance
ORCL,2025-12-10,2025-12-10 16:00:00-05:00,38.04,False,yfinance
ORCL,2025-09-09,2025-09-09 16:00:00-04:00,-0.62,False,yfinance
ORCL,2025-06-11,2025-06-11 16:00:00-04:00,3.37,False,yfinance
ORCL,2025-03-10,2025-03-10 16:00:00-04:00,-1.35,False,yfinance
ORCL,2024-12-09,2024-12-09 16:00:00-05:00,-0.77,False,yfinance
ORCL,2024-09-09,2024-09-09 16:00:00-04:00,4.29,False,yfinance
ORCL,2024-06-11,2024-06-11 16:00:00-04:00,-1.14,False,yfinance
ORCL,2024-03-11,2024-03-11 16:00:00-04:00,2.47,False,yfinance
ORCL,2023-12-11,2023-12-11 16:00:00-05:00,0.95,False,yfinance
ORCL,2023-09-11,2023-09-11 16:00:00-04:00,3.46,False,yfinance
ORCL,2023-06-12,2023-06-12 16:00:00-04:00,5.56,False,yfinance
ORCL,2023-03-09,2023-03-09 16:00:00-05:00,1.44,False,yfinance
ORCL,2022-12-12,2022-12-12 16:00:00-05:00,3.15,False,yfinance
ORCL,2022-09-12,2022-09-12 16:00:00-04:00,-4.22,False,yfinance
ORCL,2022-06-13,2022-06-13 16:00:00-04:00,11.95,False,yfinance
ORCL,2022-03-10,2022-03-10 16:00:00-05:00,-4.02,False,yfinance
ORCL,2021-12-09,2021-12-09 16:00:00-05:00,8.53,False,yfinance
ORCL,2021-09-13,2021-09-13 16:00:00-04:00,6.4,False,yfinance
ORCL,2021-06-15,2021-06-15 16:00:00-04:00,15.62,False,yfinance
ORCL,2021-03-10,2021-03-10 16:00:00-05:00,4.54,False,yfinance
ORCL,2020-12-10,2020-12-10 16:00:00-05:00,6.13,False,yfinance
ORCL,2020-09-10,2020-09-10 16:00:00-04:00,7.77,False,yfinance
BRBR,2026-08-04,2026-08-04 08:00:00-04:00,,True,yfinance
BRBR,2026-05-05,2026-05-05 07:00:00-04:00,-55.3,False,yfinance
BRBR,2026-02-03,2026-02-03 07:00:00-05:00,16.74,False,yfinance
BRBR,2025-11-18,2025-11-18 07:00:00-05:00,-6.84,False,yfinance
BRBR,2025-08-04,2025-08-04 17:00:00-04:00,9.93,False,yfinance
BRBR,2025-05-05,2025-05-05 17:00:00-04:00,-0.56,False,yfinance
BRBR,2025-02-03,2025-02-03 17:00:00-05:00,21.16,False,yfinance
BRBR,2024-11-18,2024-11-18 17:00:00-05:00,0.99,False,yfinance
BRBR,2024-08-05,2024-08-05 17:00:00-04:00,23.76,False,yfinance
BRBR,2024-05-06,2024-05-06 17:00:00-04:00,34.51,False,yfinance
BRBR,2024-02-05,2024-02-05 17:00:00-05:00,8.92,False,yfinance
BRBR,2023-11-20,2023-11-20 17:00:00-05:00,2.81,False,yfinance
BRBR,2023-08-07,2023-08-07 17:00:00-04:00,5.04,False,yfinance
BRBR,2023-05-08,2023-05-08 17:00:00-04:00,17.53,False,yfinance
BRBR,2023-02-06,2023-02-06 17:00:00-05:00,18.76,False,yfinance
BRBR,2022-11-17,2022-11-17 17:00:00-05:00,6.26,False,yfinance
BRBR,2022-08-04,2022-08-04 17:00:00-04:00,2.85,False,yfinance
BRBR,2022-05-05,2022-05-05 17:00:00-04:00,43.3,False,yfinance
BRBR,2022-02-03,2022-02-03 17:00:00-05:00,10.89,False,yfinance
BRBR,2021-11-18,2021-11-18 17:00:00-05:00,-2.46,False,yfinance
BRBR,2021-08-05,2021-08-05 17:00:00-04:00,37.75,False,yfinance
BRBR,2021-05-06,2021-05-06 17:00:00-04:00,25.85,False,yfinance
BRBR,2021-02-04,2021-02-04 17:00:00-05:00,1.98,False,yfinance
BRBR,2020-11-19,2020-11-19 17:00:00-05:00,34.67,False,yfinance
BRBR,2020-08-06,2020-08-06 17:00:00-04:00,-51.76,False,yfinance
FTAI,2026-07-29,2026-07-29 16:00:00-04:00,,True,yfinance
FTAI,2026-04-29,2026-04-29 16:00:00-04:00,-8.36,False,yfinance
FTAI,2026-02-25,2026-02-25 16:00:00-05:00,4.68,False,yfinance
FTAI,2025-10-27,2025-10-27 16:00:00-04:00,-3.38,False,yfinance
FTAI,2025-07-29,2025-07-29 16:00:00-04:00,30.84,False,yfinance
FTAI,2025-04-30,2025-04-30 16:00:00-04:00,16.31,False,yfinance
FTAI,2025-02-26,2025-02-26 16:00:00-05:00,0.66,False,yfinance
FTAI,2024-10-30,2024-10-30 16:00:00-04:00,8.59,False,yfinance
FTAI,2024-07-23,2024-07-23 16:00:00-04:00,78.15,False,yfinance
FTAI,2024-04-25,2024-04-25 16:00:00-04:00,-0.56,False,yfinance
FTAI,2024-02-22,2024-02-22 16:00:00-05:00,201.89,False,yfinance
FTAI,2023-10-25,2023-10-25 16:00:00-04:00,4.42,False,yfinance
FTAI,2023-07-26,2023-07-26 16:00:00-04:00,90.07,False,yfinance
FTAI,2023-04-26,2023-04-26 16:00:00-04:00,-9.48,False,yfinance
FTAI,2023-02-23,2023-02-23 16:00:00-05:00,-19.67,False,yfinance
FTAI,2022-10-27,2022-10-27 16:00:00-04:00,-74.78,False,yfinance
FTAI,2022-07-27,2022-07-27 16:00:00-04:00,-52.86,False,yfinance
FTAI,2022-04-28,2022-04-28 16:00:00-04:00,-1242.22,False,yfinance
FTAI,2022-02-24,2022-02-24 16:00:00-05:00,-7.86,False,yfinance
FTAI,2021-10-28,2021-10-28 16:00:00-04:00,-1557.0,False,yfinance
FTAI,2021-07-28,2021-07-28 16:00:00-04:00,-33.91,False,yfinance
FTAI,2021-04-29,2021-04-29 16:00:00-04:00,-34.65,False,yfinance
FTAI,2021-02-25,2021-02-25 16:00:00-05:00,-40.93,False,yfinance
FTAI,2020-10-29,2020-10-29 16:00:00-04:00,-117.76,False,yfinance
FTAI,2020-07-30,2020-07-30 16:00:00-04:00,25.75,False,yfinance
ONTO,2026-08-06,2026-08-06 16:00:00-04:00,,True,yfinance
ONTO,2026-05-05,2026-05-05 16:00:00-04:00,0.3,False,yfinance
ONTO,2026-02-19,2026-02-19 16:00:00-05:00,-0.23,False,yfinance
ONTO,2025-11-06,2025-11-06 16:00:00-05:00,5.92,False,yfinance
ONTO,2025-08-07,2025-08-07 16:00:00-04:00,-2.15,False,yfinance
ONTO,2025-05-08,2025-05-08 16:00:00-04:00,2.9,False,yfinance
ONTO,2025-02-06,2025-02-06 16:00:00-05:00,7.35,False,yfinance
ONTO,2024-10-31,2024-10-31 16:00:00-04:00,1.52,False,yfinance
ONTO,2024-08-08,2024-08-08 16:00:00-04:00,10.13,False,yfinance
ONTO,2024-05-09,2024-05-09 16:00:00-04:00,9.26,False,yfinance
ONTO,2024-02-08,2024-02-08 16:00:00-05:00,5.12,False,yfinance
ONTO,2023-11-09,2023-11-09 16:00:00-05:00,1.27,False,yfinance
ONTO,2023-08-10,2023-08-10 16:00:00-04:00,-5.5,False,yfinance
ONTO,2023-05-04,2023-05-04 16:00:00-04:00,3.84,False,yfinance
ONTO,2023-02-09,2023-02-09 16:00:00-05:00,17.34,False,yfinance
ONTO,2022-10-27,2022-10-27 16:00:00-04:00,3.21,False,yfinance
ONTO,2022-08-09,2022-08-09 16:00:00-04:00,0.63,False,yfinance
ONTO,2022-05-03,2022-05-03 16:00:00-04:00,12.35,False,yfinance
ONTO,2022-02-08,2022-02-08 16:00:00-05:00,10.81,False,yfinance
ONTO,2021-11-04,2021-11-04 16:00:00-04:00,6.52,False,yfinance
ONTO,2021-08-05,2021-08-05 16:00:00-04:00,14.71,False,yfinance
ONTO,2021-04-29,2021-04-29 16:00:00-04:00,7.35,False,yfinance
ONTO,2021-02-04,2021-02-04 16:00:00-05:00,20.0,False,yfinance
ONTO,2020-11-02,2020-11-02 16:00:00-05:00,16.96,False,yfinance
ONTO,2020-08-04,2020-08-04 16:00:00-04:00,20.86,False,yfinance
NCNO,2026-08-25,2026-08-25 16:00:00-04:00,,True,yfinance
NCNO,2026-05-27,2026-05-27 16:00:00-04:00,23.86,False,yfinance
NCNO,2026-03-31,2026-03-31 16:00:00-04:00,72.23,False,yfinance
NCNO,2025-12-03,2025-12-03 16:00:00-05:00,49.94,False,yfinance
NCNO,2025-08-26,2025-08-26 16:00:00-04:00,58.07,False,yfinance
NCNO,2025-05-28,2025-05-28 16:00:00-04:00,1.8,False,yfinance
NCNO,2025-04-01,2025-04-01 16:00:00-04:00,-35.14,False,yfinance
NCNO,2024-12-04,2024-12-04 16:00:00-05:00,31.33,False,yfinance
NCNO,2024-08-27,2024-08-27 16:00:00-04:00,9.84,False,yfinance
NCNO,2024-05-29,2024-05-29 16:00:00-04:00,40.89,False,yfinance
NCNO,2024-03-26,2024-03-26 16:00:00-04:00,76.49,False,yfinance
NCNO,2023-11-29,2023-11-29 16:00:00-05:00,27.96,False,yfinance
NCNO,2023-08-29,2023-08-29 16:00:00-04:00,32.9,False,yfinance
NCNO,2023-05-31,2023-05-31 16:00:00-04:00,32.63,False,yfinance
NCNO,2023-03-28,2023-03-28 16:00:00-04:00,185.91,False,yfinance
NCNO,2022-11-30,2022-11-30 16:00:00-05:00,55.46,False,yfinance
NCNO,2022-09-01,2022-09-01 16:00:00-04:00,48.05,False,yfinance
NCNO,2022-06-01,2022-06-01 17:00:00-04:00,21.82,False,yfinance
NCNO,2022-03-31,2022-03-31 16:00:00-04:00,2.1,False,yfinance
NCNO,2021-12-01,2021-12-01 16:00:00-05:00,35.68,False,yfinance
NCNO,2021-09-01,2021-09-01 16:00:00-04:00,65.99,False,yfinance
NCNO,2021-06-02,2021-06-02 16:00:00-04:00,17.24,False,yfinance
NCNO,2021-03-31,2021-03-31 16:00:00-04:00,32.0,False,yfinance
NCNO,2020-12-09,2020-12-09 16:00:00-05:00,67.95,False,yfinance
NCNO,2020-09-09,2020-09-09 16:00:00-04:00,81.08,False,yfinance
MSFT,2026-07-29,2026-07-29 16:00:00-04:00,,True,yfinance
MSFT,2026-04-29,2026-04-29 16:00:00-04:00,4.9,False,yfinance
MSFT,2026-01-28,2026-01-28 16:00:00-05:00,5.69,False,yfinance
MSFT,2025-10-29,2025-10-29 16:00:00-04:00,12.73,False,yfinance
MSFT,2025-07-30,2025-07-30 16:00:00-04:00,8.09,False,yfinance
MSFT,2025-04-30,2025-04-30 16:00:00-04:00,7.4,False,yfinance
MSFT,2025-01-29,2025-01-29 16:00:00-05:00,3.47,False,yfinance
MSFT,2024-10-30,2024-10-30 16:00:00-04:00,6.13,False,yfinance
MSFT,2024-07-30,2024-07-30 16:00:00-04:00,0.23,False,yfinance
MSFT,2024-04-25,2024-04-25 16:00:00-04:00,3.4,False,yfinance
MSFT,2024-01-30,2024-01-30 16:00:00-05:00,5.83,False,yfinance
MSFT,2023-10-24,2023-10-24 16:00:00-04:00,12.85,False,yfinance
MSFT,2023-07-25,2023-07-25 16:00:00-04:00,5.59,False,yfinance
MSFT,2023-04-25,2023-04-25 16:00:00-04:00,9.77,False,yfinance
MSFT,2023-01-24,2023-01-24 16:00:00-05:00,0.21,False,yfinance
MSFT,2022-10-25,2022-10-25 16:00:00-04:00,1.92,False,yfinance
MSFT,2022-07-26,2022-07-26 16:00:00-04:00,-2.69,False,yfinance
MSFT,2022-04-26,2022-04-26 16:00:00-04:00,1.06,False,yfinance
MSFT,2022-01-25,2022-01-25 16:00:00-05:00,6.97,False,yfinance
MSFT,2021-10-26,2021-10-26 16:00:00-04:00,9.3,False,yfinance
MSFT,2021-07-27,2021-07-27 16:00:00-04:00,12.71,False,yfinance
MSFT,2021-04-27,2021-04-27 16:00:00-04:00,9.67,False,yfinance
MSFT,2021-01-26,2021-01-26 16:00:00-05:00,23.99,False,yfinance
MSFT,2020-10-27,2020-10-27 16:00:00-04:00,17.72,False,yfinance
MSFT,2020-07-22,2020-07-22 16:00:00-04:00,6.42,False,yfinance
OKTA,2026-08-25,2026-08-25 16:00:00-04:00,,True,yfinance
OKTA,2026-05-28,2026-05-28 16:00:00-04:00,6.69,False,yfinance
OKTA,2026-03-04,2026-03-04 16:00:00-05:00,6.29,False,yfinance
OKTA,2025-12-02,2025-12-02 16:00:00-05:00,8.05,False,yfinance
OKTA,2025-08-26,2025-08-26 16:00:00-04:00,7.57,False,yfinance
OKTA,2025-05-27,2025-05-27 16:00:00-04:00,11.49,False,yfinance
OKTA,2025-03-03,2025-03-03 16:00:00-05:00,5.95,False,yfinance
OKTA,2024-12-03,2024-12-03 16:00:00-05:00,14.83,False,yfinance
OKTA,2024-08-28,2024-08-28 16:00:00-04:00,17.62,False,yfinance
OKTA,2024-05-29,2024-05-29 16:00:00-04:00,19.13,False,yfinance
OKTA,2024-02-28,2024-02-28 16:00:00-05:00,24.03,False,yfinance
OKTA,2023-11-29,2023-11-29 07:00:00-05:00,50.79,False,yfinance
OKTA,2023-08-30,2023-08-30 16:00:00-04:00,44.48,False,yfinance
OKTA,2023-05-31,2023-05-31 16:00:00-04:00,85.54,False,yfinance
OKTA,2023-03-01,2023-03-01 16:00:00-05:00,233.07,False,yfinance
OKTA,2022-11-30,2022-11-30 16:00:00-05:00,98.45,True,yfinance
OKTA,2022-08-31,2022-08-31 16:00:00-04:00,67.1,False,yfinance
OKTA,2022-06-02,2022-06-02 16:00:00-04:00,20.67,False,yfinance
OKTA,2022-03-02,2022-03-02 16:00:00-05:00,24.88,False,yfinance
OKTA,2021-12-01,2021-12-01 16:00:00-05:00,69.98,False,yfinance
OKTA,2021-09-01,2021-09-01 16:00:00-04:00,66.91,False,yfinance
OKTA,2021-05-26,2021-05-26 16:00:00-04:00,50.0,False,yfinance
OKTA,2021-03-03,2021-03-03 16:00:00-05:00,646.95,False,yfinance
OKTA,2020-12-02,2020-12-02 16:00:00-05:00,488.73,False,yfinance
OKTA,2020-08-27,2020-08-27 16:00:00-04:00,479.4,False,yfinance
GEV,2026-10-28,2026-10-28 08:00:00-04:00,,True,yfinance
GEV,2026-07-22,2026-07-22 06:00:00-04:00,-22.44,False,yfinance
GEV,2026-04-22,2026-04-22 06:00:00-04:00,20.38,False,yfinance
GEV,2026-01-28,2026-01-28 06:00:00-05:00,310.91,False,yfinance
GEV,2025-10-22,2025-10-22 06:00:00-04:00,-11.67,False,yfinance
GEV,2025-07-23,2025-07-23 06:00:00-04:00,13.44,False,yfinance
GEV,2025-04-23,2025-04-23 06:00:00-04:00,49.13,False,yfinance
GEV,2025-01-22,2025-01-22 06:00:00-05:00,-43.95,False,yfinance
GEV,2024-10-23,2024-10-23 06:00:00-04:00,-232.71,False,yfinance
GEV,2024-07-24,2024-07-24 06:00:00-04:00,38.98,False,yfinance
GEV,2024-04-25,2024-04-25 06:00:00-04:00,-82.8,False,yfinance
AXON,2026-08-05,2026-08-05 16:00:00-04:00,,True,yfinance
AXON,2026-05-06,2026-05-06 16:00:00-04:00,0.8,False,yfinance
AXON,2026-02-24,2026-02-24 16:00:00-05:00,34.51,False,yfinance
AXON,2025-11-04,2025-11-04 16:00:00-05:00,-24.08,False,yfinance
AXON,2025-08-04,2025-08-04 16:00:00-04:00,45.01,False,yfinance
AXON,2025-05-07,2025-05-07 16:00:00-04:00,10.25,False,yfinance
AXON,2025-02-25,2025-02-25 16:00:00-05:00,48.21,False,yfinance
AXON,2024-11-07,2024-11-07 16:00:00-05:00,21.03,False,yfinance
AXON,2024-08-06,2024-08-06 16:00:00-04:00,22.71,False,yfinance
AXON,2024-05-06,2024-05-06 16:00:00-04:00,21.64,False,yfinance
AXON,2024-02-27,2024-02-27 16:00:00-05:00,31.24,False,yfinance
AXON,2023-11-07,2023-11-07 16:00:00-05:00,34.78,False,yfinance
AXON,2023-08-08,2023-08-08 16:00:00-04:00,78.63,False,yfinance
AXON,2023-05-09,2023-05-09 16:00:00-04:00,64.43,False,yfinance
AXON,2023-02-28,2023-02-28 16:00:00-05:00,37.34,False,yfinance
AXON,2022-11-08,2022-11-08 16:00:00-05:00,23.41,False,yfinance
AXON,2022-08-09,2022-08-09 16:00:00-04:00,13.12,False,yfinance
AXON,2022-05-10,2022-05-10 16:00:00-04:00,53.21,False,yfinance
AXON,2022-02-24,2022-02-24 16:00:00-05:00,174.91,False,yfinance
AXON,2021-11-15,2021-11-15 16:00:00-05:00,347.25,False,yfinance
AXON,2021-08-05,2021-08-05 16:00:00-04:00,62.08,False,yfinance
AXON,2021-05-06,2021-05-06 16:00:00-04:00,46.9,False,yfinance
AXON,2021-02-25,2021-02-25 16:00:00-05:00,179.66,False,yfinance
AXON,2020-11-05,2020-11-05 16:00:00-05:00,103.71,False,yfinance
AXON,2020-08-06,2020-08-06 16:00:00-04:00,-106.08,False,yfinance
FAST,2026-10-14,2026-10-14 08:00:00-04:00,,True,yfinance
FAST,2026-07-14,2026-07-14 06:00:00-04:00,1.25,False,yfinance
FAST,2026-04-13,2026-04-13 06:00:00-04:00,0.68,False,yfinance
FAST,2026-01-20,2026-01-20 06:00:00-05:00,0.54,False,yfinance
FAST,2025-10-13,2025-10-13 06:00:00-04:00,-2.2,False,yfinance
FAST,2025-07-14,2025-07-14 06:00:00-04:00,7.34,False,yfinance
FAST,2025-04-11,2025-04-11 06:00:00-04:00,0.05,False,yfinance
FAST,2025-01-17,2025-01-17 06:00:00-05:00,-3.83,False,yfinance
FAST,2024-10-11,2024-10-11 06:00:00-04:00,1.0,False,yfinance
FAST,2024-07-12,2024-07-12 06:00:00-04:00,0.15,False,yfinance
FAST,2024-04-11,2024-04-11 07:00:00-04:00,-2.03,False,yfinance
FAST,2024-01-18,2024-01-18 06:00:00-05:00,2.27,False,yfinance
FAST,2023-10-12,2023-10-12 06:00:00-04:00,3.49,False,yfinance
FAST,2023-07-13,2023-07-13 06:00:00-04:00,-0.79,False,yfinance
FAST,2023-04-13,2023-04-13 06:00:00-04:00,3.08,False,yfinance
FAST,2023-01-19,2023-01-19 06:00:00-05:00,2.59,False,yfinance
FAST,2022-10-13,2022-10-13 06:00:00-04:00,3.77,False,yfinance
FAST,2022-07-13,2022-07-13 06:00:00-04:00,1.2,False,yfinance
FAST,2022-04-13,2022-04-13 06:00:00-04:00,4.47,False,yfinance
FAST,2022-01-19,2022-01-19 06:00:00-05:00,7.23,False,yfinance
FAST,2021-10-12,2021-10-12 06:00:00-04:00,1.1,False,yfinance
FAST,2021-07-13,2021-07-13 06:00:00-04:00,1.25,False,yfinance
FAST,2021-04-13,2021-04-13 06:00:00-04:00,0.99,False,yfinance
FAST,2021-01-20,2021-01-20 06:00:00-05:00,2.74,False,yfinance
FAST,2020-10-13,2020-10-13 06:00:00-04:00,1.28,False,yfinance
S,2026-08-27,2026-08-27 16:00:00-04:00,,True,yfinance
S,2026-05-28,2026-05-28 16:00:00-04:00,88.06,False,yfinance
S,2026-03-12,2026-03-12 16:00:00-04:00,19.07,False,yfinance
S,2025-12-04,2025-12-04 16:00:00-05:00,-2.87,False,yfinance
S,2025-08-28,2025-08-28 16:00:00-04:00,-14.95,False,yfinance
S,2025-05-28,2025-05-28 16:00:00-04:00,23.84,False,yfinance
S,2025-03-12,2025-03-12 16:00:00-04:00,198.51,False,yfinance
S,2024-12-04,2024-12-04 16:00:00-05:00,-100.0,True,yfinance
S,2024-08-27,2024-08-27 16:00:00-04:00,401.2,False,yfinance
S,2024-05-30,2024-05-30 16:00:00-04:00,100.0,True,yfinance
S,2024-03-13,2024-03-13 16:00:00-04:00,52.08,False,yfinance
S,2023-12-05,2023-12-05 16:00:00-05:00,63.66,False,yfinance
S,2023-08-31,2023-08-31 16:00:00-04:00,43.78,False,yfinance
S,2023-06-01,2023-06-01 16:00:00-04:00,1.04,False,yfinance
S,2023-03-14,2023-03-14 16:00:00-04:00,16.32,False,yfinance
S,2022-12-06,2022-12-06 16:00:00-05:00,27.07,False,yfinance
S,2022-08-31,2022-08-31 16:00:00-04:00,21.39,False,yfinance
S,2022-06-01,2022-06-01 16:00:00-04:00,11.11,False,yfinance
S,2022-03-15,2022-03-15 16:00:00-04:00,7.71,False,yfinance
S,2021-12-07,2021-12-07 16:00:00-05:00,17.56,False,yfinance
S,2021-09-08,2021-09-08 16:00:00-04:00,-1.09,False,yfinance
HEI,2026-08-25,2026-08-25 16:00:00-04:00,,True,yfinance
HEI,2026-05-27,2026-05-27 16:00:00-04:00,24.25,False,yfinance
HEI,2026-02-25,2026-02-25 17:00:00-05:00,4.68,False,yfinance
HEI,2025-12-18,2025-12-18 17:00:00-05:00,9.33,False,yfinance
HEI,2025-08-25,2025-08-25 16:00:00-04:00,10.76,False,yfinance
HEI,2025-05-27,2025-05-27 17:00:00-04:00,8.34,False,yfinance
HEI,2025-02-26,2025-02-26 16:00:00-05:00,26.05,False,yfinance
HEI,2024-12-17,2024-12-17 16:00:00-05:00,1.14,False,yfinance
HEI,2024-08-26,2024-08-26 16:00:00-04:00,5.57,False,yfinance
HEI,2024-05-28,2024-05-28 17:00:00-04:00,7.53,False,yfinance
HEI,2024-02-26,2024-02-26 17:00:00-05:00,11.79,False,yfinance
HEI,2023-12-18,2023-12-18 17:00:00-05:00,7.71,False,yfinance
HEI,2023-08-30,2023-08-30 16:00:00-04:00,12.12,False,yfinance
HEI,2023-05-24,2023-05-24 16:00:00-04:00,4.72,False,yfinance
HEI,2023-02-27,2023-02-27 16:00:00-05:00,-5.03,False,yfinance
HEI,2022-12-19,2022-12-19 16:00:00-05:00,1.45,False,yfinance
HEI,2022-08-29,2022-08-29 17:00:00-04:00,-8.72,False,yfinance
HEI,2022-05-23,2022-05-23 17:00:00-04:00,0.67,False,yfinance
HEI,2022-02-23,2022-02-23 17:00:00-05:00,4.24,False,yfinance
HEI,2021-12-15,2021-12-15 16:00:00-05:00,6.51,False,yfinance
HEI,2021-08-24,2021-08-24 16:00:00-04:00,2.3,False,yfinance
HEI,2021-05-25,2021-05-25 16:00:00-04:00,6.52,False,yfinance
HEI,2021-02-23,2021-02-23 16:00:00-05:00,4.72,False,yfinance
HEI,2020-12-21,2020-12-21 16:00:00-05:00,8.86,False,yfinance
HEI,2020-08-25,2020-08-25 16:00:00-04:00,26.76,False,yfinance
ADSK,2026-08-27,2026-08-27 16:00:00-04:00,,True,yfinance
ADSK,2026-05-28,2026-05-28 16:00:00-04:00,5.15,False,yfinance
ADSK,2026-02-26,2026-02-26 16:00:00-05:00,7.81,False,yfinance
ADSK,2025-11-25,2025-11-25 16:00:00-05:00,6.89,False,yfinance
ADSK,2025-08-28,2025-08-28 16:00:00-04:00,7.01,False,yfinance
ADSK,2025-05-22,2025-05-22 16:00:00-04:00,6.67,False,yfinance
ADSK,2025-02-27,2025-02-27 16:00:00-05:00,7.01,False,yfinance
ADSK,2024-11-26,2024-11-26 16:00:00-05:00,2.42,False,yfinance
ADSK,2024-08-29,2024-08-29 16:00:00-04:00,7.28,False,yfinance
ADSK,2024-06-10,2024-06-10 16:00:00-04:00,5.69,False,yfinance
ADSK,2024-02-29,2024-02-29 16:00:00-05:00,7.29,False,yfinance
ADSK,2023-11-21,2023-11-21 16:00:00-05:00,3.97,False,yfinance
ADSK,2023-08-23,2023-08-23 16:00:00-04:00,10.66,False,yfinance
ADSK,2023-05-25,2023-05-25 16:00:00-04:00,-0.55,False,yfinance
ADSK,2023-02-23,2023-02-23 16:00:00-05:00,2.64,False,yfinance
ADSK,2022-11-22,2022-11-22 16:00:00-05:00,-0.09,False,yfinance
ADSK,2022-08-24,2022-08-24 16:00:00-04:00,4.97,False,yfinance
ADSK,2022-05-26,2022-05-26 16:00:00-04:00,6.94,False,yfinance
ADSK,2022-02-24,2022-02-24 16:00:00-05:00,4.07,False,yfinance
ADSK,2021-11-23,2021-11-23 16:00:00-05:00,5.83,False,yfinance
ADSK,2021-08-25,2021-08-25 16:00:00-04:00,8.1,False,yfinance
ADSK,2021-05-27,2021-05-27 16:00:00-04:00,9.43,False,yfinance
ADSK,2021-02-25,2021-02-25 16:00:00-05:00,9.9,False,yfinance
ADSK,2020-11-24,2020-11-24 16:00:00-05:00,8.87,False,yfinance
ADSK,2020-08-25,2020-08-25 16:00:00-04:00,9.45,False,yfinance
GGG,2026-10-21,2026-10-21 16:00:00-04:00,,True,yfinance
GGG,2026-07-22,2026-07-22 16:00:00-04:00,12.62,False,yfinance
GGG,2026-04-22,2026-04-22 16:00:00-04:00,-11.05,False,yfinance
GGG,2026-01-26,2026-01-26 16:00:00-05:00,0.79,False,yfinance
GGG,2025-10-22,2025-10-22 16:00:00-04:00,-1.11,False,yfinance
GGG,2025-07-23,2025-07-23 16:00:00-04:00,-4.94,False,yfinance
GGG,2025-04-23,2025-04-23 16:00:00-04:00,3.86,False,yfinance
GGG,2025-01-27,2025-01-27 16:00:00-05:00,-15.79,False,yfinance
GGG,2024-10-23,2024-10-23 16:00:00-04:00,-5.84,False,yfinance
GGG,2024-07-24,2024-07-24 16:00:00-04:00,0.79,False,yfinance
GGG,2024-04-24,2024-04-24 16:00:00-04:00,-12.16,False,yfinance
GGG,2024-01-29,2024-01-29 16:00:00-05:00,1.39,False,yfinance
GGG,2023-10-25,2023-10-25 16:00:00-04:00,3.97,False,yfinance
GGG,2023-07-26,2023-07-26 16:00:00-04:00,-5.86,False,yfinance
GGG,2023-04-26,2023-04-26 16:00:00-04:00,19.11,False,yfinance
GGG,2023-01-30,2023-01-30 16:00:00-05:00,6.41,False,yfinance
GGG,2022-10-26,2022-10-26 16:00:00-04:00,2.54,False,yfinance
GGG,2022-07-27,2022-07-27 16:00:00-04:00,1.77,False,yfinance
GGG,2022-04-27,2022-04-27 16:00:00-04:00,-5.0,False,yfinance
GGG,2022-01-31,2022-01-31 16:00:00-05:00,4.61,False,yfinance
GGG,2021-10-20,2021-10-20 16:00:00-04:00,-9.88,False,yfinance
GGG,2021-07-21,2021-07-21 16:00:00-04:00,1.64,False,yfinance
GGG,2021-04-21,2021-04-21 16:00:00-04:00,15.54,False,yfinance
GGG,2021-01-25,2021-01-25 16:00:00-05:00,19.14,False,yfinance
GGG,2020-10-21,2020-10-21 16:00:00-04:00,40.14,False,yfinance
DOCU,2026-09-03,2026-09-03 16:00:00-04:00,,True,yfinance
DOCU,2026-06-04,2026-06-04 16:00:00-04:00,9.74,False,yfinance
DOCU,2026-03-17,2026-03-17 16:00:00-04:00,6.36,False,yfinance
DOCU,2025-12-04,2025-12-04 16:00:00-05:00,10.3,False,yfinance
DOCU,2025-09-04,2025-09-04 16:00:00-04:00,8.56,False,yfinance
DOCU,2025-06-05,2025-06-05 16:00:00-04:00,10.45,False,yfinance
DOCU,2025-03-13,2025-03-13 16:00:00-04:00,0.7,False,yfinance
DOCU,2024-12-05,2024-12-05 16:00:00-05:00,3.02,False,yfinance
DOCU,2024-09-05,2024-09-05 16:00:00-04:00,20.44,False,yfinance
DOCU,2024-06-06,2024-06-06 16:00:00-04:00,3.71,False,yfinance
DOCU,2024-03-07,2024-03-07 16:00:00-05:00,17.5,False,yfinance
DOCU,2023-12-07,2023-12-07 16:00:00-05:00,24.79,False,yfinance
DOCU,2023-09-06,2023-09-06 21:00:00-04:00,9.44,False,yfinance
DOCU,2023-06-08,2023-06-08 16:00:00-04:00,28.73,False,yfinance
DOCU,2023-03-09,2023-03-09 16:00:00-05:00,23.98,False,yfinance
DOCU,2022-12-08,2022-12-08 16:00:00-05:00,34.22,False,yfinance
DOCU,2022-09-08,2022-09-08 16:00:00-04:00,4.3,False,yfinance
DOCU,2022-06-09,2022-06-09 16:00:00-04:00,-17.82,False,yfinance
DOCU,2022-03-10,2022-03-10 16:00:00-05:00,0.31,False,yfinance
DOCU,2021-12-02,2021-12-02 16:00:00-05:00,25.36,False,yfinance
DOCU,2021-09-02,2021-09-02 16:00:00-04:00,18.64,False,yfinance
DOCU,2021-06-03,2021-06-03 16:00:00-04:00,58.64,False,yfinance
DOCU,2021-03-11,2021-03-11 16:00:00-05:00,65.97,False,yfinance
DOCU,2020-12-03,2020-12-03 16:00:00-05:00,63.31,False,yfinance
DOCU,2020-09-03,2020-09-03 16:00:00-04:00,118.59,False,yfinance
QRVO,2026-07-28,2026-07-28 16:00:00-04:00,,True,yfinance
QRVO,2026-05-05,2026-05-05 16:00:00-04:00,39.48,False,yfinance
QRVO,2026-01-27,2026-01-27 16:00:00-05:00,16.4,False,yfinance
QRVO,2025-11-03,2025-11-03 16:00:00-05:00,5.12,False,yfinance
QRVO,2025-07-29,2025-07-29 16:00:00-04:00,46.17,False,yfinance
QRVO,2025-04-29,2025-04-29 16:00:00-04:00,41.61,False,yfinance
QRVO,2025-01-28,2025-01-28 16:00:00-05:00,33.22,False,yfinance
QRVO,2024-10-29,2024-10-29 16:00:00-04:00,1.73,False,yfinance
QRVO,2024-07-30,2024-07-30 16:00:00-04:00,21.89,False,yfinance
QRVO,2024-05-01,2024-05-01 16:00:00-04:00,14.15,False,yfinance
QRVO,2024-01-31,2024-01-31 16:00:00-05:00,26.72,False,yfinance
QRVO,2023-11-01,2023-11-01 16:00:00-04:00,34.65,False,yfinance
QRVO,2023-08-02,2023-08-02 16:00:00-04:00,125.7,False,yfinance
QRVO,2023-05-03,2023-05-03 16:00:00-04:00,99.31,False,yfinance
QRVO,2023-02-01,2023-02-01 16:00:00-05:00,18.88,False,yfinance
QRVO,2022-11-02,2022-11-02 16:00:00-04:00,4.85,False,yfinance
QRVO,2022-08-03,2022-08-03 16:00:00-04:00,6.33,False,yfinance
QRVO,2022-05-04,2022-05-04 16:00:00-04:00,6.23,False,yfinance
QRVO,2022-02-02,2022-02-02 16:00:00-05:00,8.04,False,yfinance
QRVO,2021-11-03,2021-11-03 16:00:00-04:00,5.05,False,yfinance
QRVO,2021-08-04,2021-08-04 16:00:00-04:00,15.28,False,yfinance
QRVO,2021-05-05,2021-05-05 16:00:00-04:00,12.65,False,yfinance
QRVO,2021-02-03,2021-02-03 16:00:00-05:00,15.05,False,yfinance
QRVO,2020-11-04,2020-11-04 16:00:00-05:00,13.19,False,yfinance
QRVO,2020-07-29,2020-07-29 16:00:00-04:00,32.75,False,yfinance
MNST,2026-08-06,2026-08-06 16:00:00-04:00,,True,yfinance
MNST,2026-05-07,2026-05-07 16:00:00-04:00,10.16,False,yfinance
MNST,2026-02-26,2026-02-26 16:00:00-05:00,-4.5,False,yfinance
MNST,2025-11-06,2025-11-06 16:00:00-05:00,13.36,False,yfinance
MNST,2025-08-07,2025-08-07 16:00:00-04:00,6.73,False,yfinance
MNST,2025-05-08,2025-05-08 16:00:00-04:00,-2.15,False,yfinance
MNST,2025-02-27,2025-02-27 16:00:00-05:00,-5.49,False,yfinance
MNST,2024-11-07,2024-11-07 16:00:00-05:00,-6.45,False,yfinance
MNST,2024-08-07,2024-08-07 16:00:00-04:00,-9.61,False,yfinance
MNST,2024-05-02,2024-05-02 16:00:00-04:00,-3.38,False,yfinance
MNST,2024-02-28,2024-02-28 16:00:00-05:00,-9.35,False,yfinance
MNST,2023-11-02,2023-11-02 16:00:00-04:00,8.12,False,yfinance
MNST,2023-08-03,2023-08-03 16:00:00-04:00,-0.95,False,yfinance
MNST,2023-05-04,2023-05-04 16:00:00-04:00,13.99,False,yfinance
MNST,2023-02-28,2023-02-28 16:00:00-05:00,-9.02,False,yfinance
MNST,2022-11-03,2022-11-03 16:00:00-04:00,-0.4,False,yfinance
MNST,2022-08-04,2022-08-04 16:00:00-04:00,-26.67,False,yfinance
MNST,2022-05-05,2022-05-05 16:00:00-04:00,-9.79,False,yfinance
MNST,2022-02-24,2022-02-24 16:00:00-05:00,-1.09,False,yfinance
MNST,2021-11-04,2021-11-04 16:00:00-04:00,-6.03,False,yfinance
MNST,2021-08-05,2021-08-05 16:00:00-04:00,11.38,False,yfinance
MNST,2021-05-06,2021-05-06 16:00:00-04:00,-4.07,False,yfinance
MNST,2021-02-25,2021-02-25 16:00:00-05:00,-0.01,False,yfinance
MNST,2020-11-05,2020-11-05 16:00:00-05:00,3.91,False,yfinance
MNST,2020-08-04,2020-08-04 16:00:00-04:00,19.36,False,yfinance
ANET,2026-08-04,2026-08-04 16:00:00-04:00,,True,yfinance
ANET,2026-05-05,2026-05-05 16:00:00-04:00,7.73,False,yfinance
ANET,2026-02-12,2026-02-12 16:00:00-05:00,8.17,False,yfinance
ANET,2025-11-04,2025-11-04 16:00:00-05:00,4.98,False,yfinance
ANET,2025-08-05,2025-08-05 16:00:00-04:00,12.38,False,yfinance
ANET,2025-05-06,2025-05-06 16:00:00-04:00,9.98,False,yfinance
ANET,2025-02-18,2025-02-18 16:00:00-05:00,13.96,False,yfinance
ANET,2024-11-07,2024-11-07 16:00:00-05:00,15.31,False,yfinance
ANET,2024-07-30,2024-07-30 16:00:00-04:00,8.37,False,yfinance
ANET,2024-05-07,2024-05-07 16:00:00-04:00,14.31,False,yfinance
ANET,2024-02-12,2024-02-12 16:00:00-05:00,21.6,False,yfinance
ANET,2023-10-30,2023-10-30 16:00:00-04:00,16.12,False,yfinance
ANET,2023-07-31,2023-07-31 16:00:00-04:00,9.89,False,yfinance
ANET,2023-05-01,2023-05-01 16:00:00-04:00,6.26,False,yfinance
ANET,2023-02-13,2023-02-13 16:00:00-05:00,16.19,False,yfinance
ANET,2022-10-31,2022-10-31 16:00:00-04:00,19.48,False,yfinance
ANET,2022-08-01,2022-08-01 16:00:00-04:00,17.24,False,yfinance
ANET,2022-05-02,2022-05-02 16:00:00-04:00,3.91,False,yfinance
ANET,2022-02-14,2022-02-14 16:00:00-05:00,11.77,False,yfinance
ANET,2021-11-01,2021-11-01 16:00:00-04:00,9.0,False,yfinance
ANET,2021-08-02,2021-08-02 16:00:00-04:00,6.76,False,yfinance
ANET,2021-05-04,2021-05-04 16:00:00-04:00,5.16,False,yfinance
ANET,2021-02-18,2021-02-18 16:00:00-05:00,4.3,False,yfinance
ANET,2020-11-02,2020-11-02 16:00:00-05:00,8.91,False,yfinance
ANET,2020-08-04,2020-08-04 16:00:00-04:00,8.18,False,yfinance
FIX,2026-10-22,2026-10-22 16:00:00-04:00,,True,yfinance
FIX,2026-07-23,2026-07-23 16:00:00-04:00,19.85,False,yfinance
FIX,2026-04-23,2026-04-23 16:00:00-04:00,54.44,False,yfinance
FIX,2026-02-19,2026-02-19 16:00:00-05:00,38.71,False,yfinance
FIX,2025-10-23,2025-10-23 16:00:00-04:00,31.26,False,yfinance
FIX,2025-07-24,2025-07-24 16:00:00-04:00,35.05,False,yfinance
FIX,2025-04-24,2025-04-24 16:00:00-04:00,28.12,False,yfinance
FIX,2025-02-20,2025-02-20 16:00:00-05:00,11.07,False,yfinance
FIX,2024-10-24,2024-10-24 16:00:00-04:00,2.41,False,yfinance
FIX,2024-07-25,2024-07-25 16:00:00-04:00,17.19,False,yfinance
FIX,2024-04-25,2024-04-25 16:00:00-04:00,29.63,False,yfinance
FIX,2024-02-22,2024-02-22 16:00:00-05:00,17.15,False,yfinance
FIX,2023-10-26,2023-10-26 16:00:00-04:00,26.29,False,yfinance
FIX,2023-07-26,2023-07-26 16:00:00-04:00,23.17,False,yfinance
FIX,2023-04-26,2023-04-26 16:00:00-04:00,39.39,False,yfinance
FIX,2023-02-22,2023-02-22 16:00:00-05:00,12.41,False,yfinance
FIX,2022-10-26,2022-10-26 16:00:00-04:00,23.02,False,yfinance
FIX,2022-07-27,2022-07-27 16:00:00-04:00,15.46,False,yfinance
FIX,2022-04-27,2022-04-27 16:00:00-04:00,4.2,False,yfinance
FIX,2022-02-23,2022-02-23 16:00:00-05:00,-0.95,False,yfinance
FIX,2021-10-27,2021-10-27 16:00:00-04:00,25.74,False,yfinance
FIX,2021-07-28,2021-07-28 16:00:00-04:00,-1.46,False,yfinance
FIX,2021-04-28,2021-04-28 16:00:00-04:00,46.0,False,yfinance
FIX,2021-02-25,2021-02-25 16:00:00-05:00,17.86,False,yfinance
FIX,2020-10-26,2020-10-26 16:00:00-04:00,16.67,False,yfinance
AVGO,2026-09-03,2026-09-03 16:00:00-04:00,,True,yfinance
AVGO,2026-06-03,2026-06-03 16:00:00-04:00,1.74,False,yfinance
AVGO,2026-03-04,2026-03-04 16:00:00-05:00,1.32,False,yfinance
AVGO,2025-12-11,2025-12-11 16:00:00-05:00,4.38,False,yfinance
AVGO,2025-09-04,2025-09-04 16:00:00-04:00,1.6,False,yfinance
AVGO,2025-06-05,2025-06-05 16:00:00-04:00,0.59,False,yfinance
AVGO,2025-03-06,2025-03-06 16:00:00-05:00,6.11,False,yfinance
AVGO,2024-12-12,2024-12-12 16:00:00-05:00,2.04,False,yfinance
AVGO,2024-09-05,2024-09-05 16:00:00-04:00,2.79,False,yfinance
AVGO,2024-06-12,2024-06-12 16:00:00-04:00,1.08,False,yfinance
AVGO,2024-03-07,2024-03-07 16:00:00-05:00,5.44,False,yfinance
AVGO,2023-12-07,2023-12-07 16:00:00-05:00,0.94,False,yfinance
AVGO,2023-08-31,2023-08-31 16:00:00-04:00,1.03,False,yfinance
AVGO,2023-06-01,2023-06-01 16:00:00-04:00,1.75,False,yfinance
AVGO,2023-03-02,2023-03-02 16:00:00-05:00,1.65,False,yfinance
AVGO,2022-12-08,2022-12-08 16:00:00-05:00,1.64,False,yfinance
AVGO,2022-09-01,2022-09-01 16:00:00-04:00,1.92,False,yfinance
AVGO,2022-05-26,2022-05-26 07:00:00-04:00,4.05,False,yfinance
AVGO,2022-03-03,2022-03-03 16:00:00-05:00,3.01,False,yfinance
AVGO,2021-12-09,2021-12-09 16:00:00-05:00,0.51,False,yfinance
AVGO,2021-09-02,2021-09-02 16:00:00-04:00,0.72,False,yfinance
AVGO,2021-06-03,2021-06-03 16:00:00-04:00,2.47,False,yfinance
AVGO,2021-03-04,2021-03-04 16:00:00-05:00,0.58,False,yfinance
AVGO,2020-12-10,2020-12-10 16:00:00-05:00,2.42,False,yfinance
AVGO,2020-09-03,2020-09-03 16:00:00-04:00,4.0,False,yfinance
POST,2026-08-06,2026-08-06 16:00:00-04:00,,True,yfinance
POST,2026-05-07,2026-05-07 16:00:00-04:00,10.95,False,yfinance
POST,2026-02-05,2026-02-05 17:00:00-05:00,27.67,False,yfinance
POST,2025-11-20,2025-11-20 17:00:00-05:00,11.38,False,yfinance
POST,2025-08-07,2025-08-07 17:00:00-04:00,22.84,False,yfinance
POST,2025-05-08,2025-05-08 17:00:00-04:00,16.69,False,yfinance
POST,2025-02-06,2025-02-06 17:00:00-05:00,14.36,False,yfinance
POST,2024-11-14,2024-11-14 17:00:00-05:00,25.2,False,yfinance
POST,2024-08-01,2024-08-01 17:00:00-04:00,26.53,False,yfinance
POST,2024-05-01,2024-05-01 20:00:00-04:00,17.15,False,yfinance
POST,2024-02-01,2024-02-01 17:00:00-05:00,53.4,False,yfinance
POST,2023-11-16,2023-11-16 17:00:00-05:00,18.12,False,yfinance
POST,2023-08-03,2023-08-03 17:00:00-04:00,62.67,False,yfinance
POST,2023-05-04,2023-05-04 17:00:00-04:00,35.06,False,yfinance
POST,2023-02-02,2023-02-02 17:00:00-05:00,73.39,False,yfinance
POST,2022-11-17,2022-11-17 17:00:00-05:00,20.78,False,yfinance
POST,2022-08-04,2022-08-04 17:00:00-04:00,26.44,False,yfinance
POST,2022-05-05,2022-05-05 17:00:00-04:00,20.0,False,yfinance
POST,2022-02-03,2022-02-03 17:00:00-05:00,-29.02,False,yfinance
POST,2021-11-18,2021-11-18 17:00:00-05:00,-53.23,False,yfinance
POST,2021-08-05,2021-08-05 17:00:00-04:00,-0.18,False,yfinance
POST,2021-05-06,2021-05-06 17:00:00-04:00,-47.45,False,yfinance
POST,2021-02-04,2021-02-04 17:00:00-05:00,1.9,False,yfinance
POST,2020-11-19,2020-11-19 17:00:00-05:00,-24.53,False,yfinance
POST,2020-08-06,2020-08-06 17:00:00-04:00,10.45,False,yfinance
RBA,2026-08-04,2026-08-04 16:00:00-04:00,,True,yfinance
RBA,2026-05-04,2026-05-04 16:00:00-04:00,4.28,False,yfinance
RBA,2026-02-17,2026-02-17 16:00:00-05:00,11.82,False,yfinance
RBA,2025-11-06,2025-11-06 16:00:00-05:00,17.26,False,yfinance
RBA,2025-08-06,2025-08-06 16:00:00-04:00,11.93,False,yfinance
RBA,2025-05-07,2025-05-07 16:00:00-04:00,9.14,False,yfinance
RBA,2025-02-18,2025-02-18 16:00:00-05:00,20.07,False,yfinance
RBA,2024-11-08,2024-11-08 07:00:00-05:00,10.38,False,yfinance
RBA,2024-08-06,2024-08-06 07:00:00-04:00,8.05,False,yfinance
RBA,2024-05-09,2024-05-09 16:00:00-04:00,20.32,False,yfinance
RBA,2024-02-23,2024-02-23 07:00:00-05:00,17.56,False,yfinance
RBA,2023-11-09,2023-11-09 16:00:00-05:00,45.95,False,yfinance
RBA,2023-08-03,2023-08-03 16:00:00-04:00,13.5,False,yfinance
RBA,2023-05-10,2023-05-10 16:00:00-04:00,24.3,False,yfinance
RBA,2023-02-21,2023-02-21 16:00:00-05:00,15.25,False,yfinance
RBA,2022-11-07,2022-11-07 07:00:00-05:00,37.92,False,yfinance
RBA,2022-08-04,2022-08-04 17:00:00-04:00,20.08,False,yfinance
RBA,2022-05-09,2022-05-09 17:00:00-04:00,65.98,False,yfinance
RBA,2022-02-17,2022-02-17 17:00:00-05:00,-13.23,False,yfinance
RBA,2021-11-04,2021-11-04 17:00:00-04:00,-9.94,False,yfinance
RBA,2021-08-05,2021-08-05 17:00:00-04:00,-10.2,False,yfinance
RBA,2021-05-10,2021-05-10 17:00:00-04:00,5.14,False,yfinance
RBA,2021-02-18,2021-02-18 17:00:00-05:00,-13.19,False,yfinance
RBA,2020-11-05,2020-11-05 17:00:00-05:00,48.31,False,yfinance
RBA,2020-08-06,2020-08-06 17:00:00-04:00,47.95,False,yfinance
CAG,2026-09-30,2026-09-30 08:00:00-04:00,,True,yfinance
CAG,2026-07-15,2026-07-15 07:00:00-04:00,2.78,False,yfinance
CAG,2026-04-01,2026-04-01 07:00:00-04:00,-2.61,False,yfinance
CAG,2025-12-19,2025-12-19 07:00:00-05:00,3.18,False,yfinance
CAG,2025-10-01,2025-10-01 07:00:00-04:00,17.41,False,yfinance
CAG,2025-07-10,2025-07-10 07:00:00-04:00,-3.57,False,yfinance
CAG,2025-04-03,2025-04-03 07:00:00-04:00,-3.18,False,yfinance
CAG,2024-12-19,2024-12-19 07:00:00-05:00,3.92,False,yfinance
CAG,2024-10-02,2024-10-02 07:00:00-04:00,-11.27,False,yfinance
CAG,2024-07-11,2024-07-11 07:00:00-04:00,6.39,False,yfinance
CAG,2024-04-04,2024-04-04 07:00:00-04:00,6.19,False,yfinance
CAG,2024-01-04,2024-01-04 07:00:00-05:00,4.6,False,yfinance
CAG,2023-10-05,2023-10-05 07:00:00-04:00,10.66,False,yfinance
CAG,2023-07-13,2023-07-13 07:00:00-04:00,4.44,False,yfinance
CAG,2023-04-05,2023-04-05 07:00:00-04:00,18.87,False,yfinance
CAG,2023-01-05,2023-01-05 07:00:00-05:00,21.91,False,yfinance
CAG,2022-10-06,2022-10-06 07:00:00-04:00,9.38,False,yfinance
CAG,2022-07-14,2022-07-14 07:00:00-04:00,2.66,False,yfinance
CAG,2022-04-07,2022-04-07 07:00:00-04:00,0.25,False,yfinance
CAG,2022-01-06,2022-01-06 07:00:00-05:00,-5.64,False,yfinance
CAG,2021-10-07,2021-10-07 07:00:00-04:00,3.19,False,yfinance
CAG,2021-07-13,2021-07-13 07:00:00-04:00,4.35,False,yfinance
CAG,2021-04-08,2021-04-08 07:00:00-04:00,1.02,False,yfinance
CAG,2021-01-07,2021-01-07 07:00:00-05:00,10.19,False,yfinance
CAG,2020-10-01,2020-10-01 07:00:00-04:00,21.97,False,yfinance
SAIC,2026-09-03,2026-09-03 08:00:00-04:00,,True,yfinance
SAIC,2026-06-01,2026-06-01 06:00:00-04:00,41.82,False,yfinance
SAIC,2026-03-16,2026-03-16 07:00:00-04:00,30.03,False,yfinance
SAIC,2025-12-04,2025-12-04 07:00:00-05:00,20.22,False,yfinance
SAIC,2025-09-04,2025-09-04 07:00:00-04:00,62.25,False,yfinance
SAIC,2025-06-02,2025-06-02 06:00:00-04:00,-9.27,False,yfinance
SAIC,2025-03-17,2025-03-17 06:00:00-04:00,23.24,False,yfinance
SAIC,2024-12-05,2024-12-05 07:00:00-05:00,20.97,False,yfinance
SAIC,2024-09-05,2024-09-05 07:00:00-04:00,10.6,False,yfinance
SAIC,2024-06-03,2024-06-03 16:00:00-04:00,-0.08,False,yfinance
SAIC,2024-03-18,2024-03-18 07:00:00-04:00,-0.98,False,yfinance
SAIC,2023-12-04,2023-12-04 07:00:00-05:00,34.69,False,yfinance
SAIC,2023-09-07,2023-09-07 07:00:00-04:00,26.34,False,yfinance
SAIC,2023-06-05,2023-06-05 07:00:00-04:00,17.83,False,yfinance
SAIC,2023-04-03,2023-04-03 07:00:00-04:00,23.36,False,yfinance
SAIC,2022-12-05,2022-12-05 07:00:00-05:00,10.12,False,yfinance
SAIC,2022-09-01,2022-09-01 07:00:00-04:00,3.97,False,yfinance
SAIC,2022-06-06,2022-06-06 07:00:00-04:00,5.95,False,yfinance
SAIC,2022-03-28,2022-03-28 07:00:00-04:00,23.4,False,yfinance
SAIC,2021-12-06,2021-12-06 07:00:00-05:00,26.84,False,yfinance
SAIC,2021-09-02,2021-09-02 16:00:00-04:00,34.7,False,yfinance
SAIC,2021-06-03,2021-06-03 16:00:00-04:00,25.7,False,yfinance
SAIC,2021-03-25,2021-03-25 16:00:00-04:00,15.62,False,yfinance
SAIC,2020-12-03,2020-12-03 16:00:00-05:00,5.88,False,yfinance
SAIC,2020-09-01,2020-09-01 20:00:00-04:00,12.93,False,yfinance
LRCX,2026-07-29,2026-07-29 16:00:00-04:00,,True,yfinance
LRCX,2026-04-22,2026-04-22 16:00:00-04:00,7.87,False,yfinance
LRCX,2026-01-28,2026-01-28 16:00:00-05:00,8.7,False,yfinance
LRCX,2025-10-22,2025-10-22 16:00:00-04:00,3.27,False,yfinance
LRCX,2025-07-30,2025-07-30 16:00:00-04:00,10.36,False,yfinance
LRCX,2025-04-23,2025-04-23 16:00:00-04:00,4.06,False,yfinance
LRCX,2025-01-29,2025-01-29 16:00:00-05:00,3.51,False,yfinance
LRCX,2024-10-23,2024-10-23 16:00:00-04:00,6.51,False,yfinance
LRCX,2024-07-31,2024-07-31 16:00:00-04:00,7.29,False,yfinance
LRCX,2024-04-24,2024-04-24 16:00:00-04:00,6.78,False,yfinance
LRCX,2024-01-24,2024-01-24 16:00:00-05:00,5.69,False,yfinance
LRCX,2023-10-18,2023-10-18 16:00:00-04:00,11.83,False,yfinance
LRCX,2023-07-26,2023-07-26 16:00:00-04:00,16.53,False,yfinance
LRCX,2023-04-19,2023-04-19 16:00:00-04:00,7.12,False,yfinance
LRCX,2023-01-25,2023-01-25 16:00:00-05:00,7.11,False,yfinance
LRCX,2022-10-19,2022-10-19 16:00:00-04:00,9.19,False,yfinance
LRCX,2022-07-27,2022-07-27 16:00:00-04:00,20.45,False,yfinance
LRCX,2022-04-20,2022-04-20 16:00:00-04:00,-1.41,False,yfinance
LRCX,2022-01-26,2022-01-26 16:00:00-05:00,0.19,False,yfinance
LRCX,2021-10-20,2021-10-20 16:00:00-04:00,1.92,False,yfinance
LRCX,2021-07-28,2021-07-28 16:00:00-04:00,6.27,False,yfinance
LRCX,2021-04-21,2021-04-21 16:00:00-04:00,13.37,False,yfinance
LRCX,2021-01-27,2021-01-27 16:00:00-05:00,5.5,False,yfinance
LRCX,2020-10-21,2020-10-21 16:00:00-04:00,9.15,False,yfinance
LRCX,2020-07-29,2020-07-29 16:00:00-04:00,18.02,False,yfinance
UI,2026-08-21,2026-08-21 08:00:00-04:00,,True,yfinance
UI,2026-05-08,2026-05-08 07:00:00-04:00,-9.51,False,yfinance
UI,2026-02-06,2026-02-06 07:00:00-05:00,26.14,False,yfinance
UI,2025-11-07,2025-11-07 07:00:00-05:00,18.29,False,yfinance
UI,2025-08-22,2025-08-22 07:00:00-04:00,58.74,False,yfinance
UI,2025-05-09,2025-05-09 06:00:00-04:00,52.54,False,yfinance
UI,2025-02-07,2025-02-07 07:00:00-05:00,6.34,False,yfinance
UI,2024-11-08,2024-11-08 07:00:00-05:00,30.94,False,yfinance
UI,2024-08-23,2024-08-23 07:00:00-04:00,0.29,False,yfinance
UI,2024-05-10,2024-05-10 06:00:00-04:00,-17.5,False,yfinance
UI,2024-02-09,2024-02-09 07:00:00-05:00,-15.75,False,yfinance
UI,2023-11-03,2023-11-03 07:00:00-04:00,-22.75,False,yfinance
UI,2023-08-25,2023-08-25 07:00:00-04:00,-3.94,False,yfinance
UI,2023-05-05,2023-05-05 07:00:00-04:00,-15.94,False,yfinance
UI,2023-02-03,2023-02-03 07:00:00-05:00,44.85,False,yfinance
UI,2022-11-04,2022-11-04 07:00:00-04:00,-14.03,False,yfinance
UI,2022-08-26,2022-08-26 07:00:00-04:00,27.8,False,yfinance
UI,2022-05-06,2022-05-06 07:00:00-04:00,-53.5,False,yfinance
UI,2022-02-04,2022-02-04 07:00:00-05:00,-27.38,False,yfinance
UI,2021-11-05,2021-11-05 06:00:00-04:00,-19.08,False,yfinance
UI,2021-08-27,2021-08-27 07:00:00-04:00,26.67,False,yfinance
UI,2021-05-07,2021-05-07 07:00:00-04:00,5.75,False,yfinance
UI,2021-02-05,2021-02-05 07:00:00-05:00,42.94,False,yfinance
UI,2020-11-06,2020-11-06 07:00:00-05:00,69.95,False,yfinance
UI,2020-08-21,2020-08-21 07:00:00-04:00,6.57,False,yfinance
GE,2026-10-20,2026-10-20 08:00:00-04:00,,True,yfinance
GE,2026-07-16,2026-07-16 06:00:00-04:00,8.62,False,yfinance
GE,2026-04-21,2026-04-21 06:00:00-04:00,16.31,False,yfinance
GE,2026-01-22,2026-01-22 06:00:00-05:00,9.81,False,yfinance
GE,2025-10-21,2025-10-21 06:00:00-04:00,13.01,False,yfinance
GE,2025-07-17,2025-07-17 06:00:00-04:00,15.97,False,yfinance
GE,2025-04-22,2025-04-22 06:00:00-04:00,17.51,False,yfinance
GE,2025-01-23,2025-01-23 06:00:00-05:00,26.9,False,yfinance
GE,2024-10-22,2024-10-22 06:00:00-04:00,1.34,False,yfinance
GE,2024-07-23,2024-07-23 06:00:00-04:00,20.79,False,yfinance
GE,2024-04-23,2024-04-23 06:00:00-04:00,16.42,False,yfinance
GE,2024-01-23,2024-01-23 06:00:00-05:00,14.86,False,yfinance
GE,2023-10-24,2023-10-24 06:00:00-04:00,46.28,False,yfinance
GE,2023-07-25,2023-07-25 06:00:00-04:00,48.14,False,yfinance
GE,2023-04-25,2023-04-25 06:00:00-04:00,97.56,False,yfinance
GE,2023-01-24,2023-01-24 06:00:00-05:00,6.97,False,yfinance
GE,2022-10-25,2022-10-25 06:00:00-04:00,-28.12,False,yfinance
GE,2022-07-26,2022-07-26 06:00:00-04:00,86.22,False,yfinance
GE,2022-04-26,2022-04-26 06:00:00-04:00,7.87,False,yfinance
GE,2022-01-25,2022-01-25 06:00:00-05:00,12.09,False,yfinance
GE,2021-10-26,2021-10-26 06:00:00-04:00,30.03,False,yfinance
GE,2021-07-27,2021-07-27 06:00:00-04:00,49.58,False,yfinance
GE,2021-04-27,2021-04-27 06:00:00-04:00,208.05,False,yfinance
GE,2021-01-26,2021-01-26 06:00:00-05:00,-6.33,False,yfinance
GE,2020-10-28,2020-10-28 06:00:00-04:00,306.31,False,yfinance
ZS,2026-09-02,2026-09-02 16:00:00-04:00,,True,yfinance
ZS,2026-05-26,2026-05-26 16:00:00-04:00,7.11,False,yfinance
ZS,2026-02-26,2026-02-26 16:00:00-05:00,12.56,False,yfinance
ZS,2025-11-25,2025-11-25 16:00:00-05:00,11.42,False,yfinance
ZS,2025-09-02,2025-09-02 16:00:00-04:00,11.03,False,yfinance
ZS,2025-05-29,2025-05-29 16:00:00-04:00,10.78,False,yfinance
ZS,2025-03-05,2025-03-05 16:00:00-05:00,12.73,False,yfinance
ZS,2024-12-02,2024-12-02 16:00:00-05:00,22.74,False,yfinance
ZS,2024-09-03,2024-09-03 16:00:00-04:00,26.96,False,yfinance
ZS,2024-05-30,2024-05-30 16:00:00-04:00,35.94,False,yfinance
ZS,2024-02-29,2024-02-29 16:00:00-05:00,31.05,False,yfinance
ZS,2023-11-27,2023-11-27 16:00:00-05:00,36.92,False,yfinance
ZS,2023-09-05,2023-09-05 16:00:00-04:00,30.11,False,yfinance
ZS,2023-06-01,2023-06-01 16:00:00-04:00,12.67,False,yfinance
ZS,2023-03-02,2023-03-02 16:00:00-05:00,26.12,False,yfinance
ZS,2022-12-01,2022-12-01 16:00:00-05:00,11.48,False,yfinance
ZS,2022-09-08,2022-09-08 16:00:00-04:00,21.54,False,yfinance
ZS,2022-05-26,2022-05-26 16:00:00-04:00,58.73,False,yfinance
ZS,2022-02-24,2022-02-24 16:00:00-05:00,16.32,False,yfinance
ZS,2021-11-30,2021-11-30 16:00:00-05:00,15.33,False,yfinance
ZS,2021-09-09,2021-09-09 16:00:00-04:00,52.21,False,yfinance
ZS,2021-05-25,2021-05-25 16:00:00-04:00,110.56,False,yfinance
ZS,2021-02-25,2021-02-25 16:00:00-05:00,28.77,False,yfinance
ZS,2020-12-02,2020-12-02 16:00:00-05:00,126.94,False,yfinance
ZS,2020-09-09,2020-09-09 16:00:00-04:00,85.74,False,yfinance
MCHP,2026-08-06,2026-08-06 16:00:00-04:00,,True,yfinance
MCHP,2026-05-07,2026-05-07 16:00:00-04:00,12.93,False,yfinance
MCHP,2026-02-05,2026-02-05 16:00:00-05:00,2.75,False,yfinance
MCHP,2025-11-06,2025-11-06 16:00:00-05:00,4.93,False,yfinance
MCHP,2025-08-07,2025-08-07 16:00:00-04:00,13.17,False,yfinance
MCHP,2025-05-08,2025-05-08 16:00:00-04:00,5.3,False,yfinance
MCHP,2025-02-06,2025-02-06 16:00:00-05:00,-28.22,False,yfinance
MCHP,2024-11-05,2024-11-05 16:00:00-05:00,5.96,False,yfinance
MCHP,2024-08-01,2024-08-01 16:00:00-04:00,1.55,False,yfinance
MCHP,2024-05-06,2024-05-06 16:00:00-04:00,-7.8,False,yfinance
MCHP,2024-02-01,2024-02-01 16:00:00-05:00,1.57,False,yfinance
MCHP,2023-11-02,2023-11-02 16:00:00-04:00,0.33,False,yfinance
MCHP,2023-08-03,2023-08-03 16:00:00-04:00,0.5,False,yfinance
MCHP,2023-05-04,2023-05-04 16:00:00-04:00,1.78,False,yfinance
MCHP,2023-02-02,2023-02-02 16:00:00-05:00,1.41,False,yfinance
MCHP,2022-11-03,2022-11-03 16:00:00-04:00,1.41,False,yfinance
MCHP,2022-08-02,2022-08-02 16:00:00-04:00,2.4,False,yfinance
MCHP,2022-05-09,2022-05-09 16:00:00-04:00,7.94,False,yfinance
MCHP,2022-02-03,2022-02-03 16:00:00-05:00,2.36,False,yfinance
MCHP,2021-11-04,2021-11-04 16:00:00-04:00,1.01,False,yfinance
MCHP,2021-08-03,2021-08-03 16:00:00-04:00,3.8,False,yfinance
MCHP,2021-05-06,2021-05-06 16:00:00-04:00,6.3,False,yfinance
MCHP,2021-02-04,2021-02-04 15:00:00-05:00,2.23,False,yfinance
MCHP,2020-11-05,2020-11-05 16:00:00-05:00,9.01,False,yfinance
MCHP,2020-08-04,2020-08-04 16:00:00-04:00,8.66,False,yfinance
TXN,2026-10-27,2026-10-27 16:00:00-04:00,,True,yfinance
TXN,2026-07-22,2026-07-22 16:00:00-04:00,10.42,False,yfinance
TXN,2026-04-22,2026-04-22 16:00:00-04:00,22.76,False,yfinance
TXN,2026-01-27,2026-01-27 16:00:00-05:00,-2.89,False,yfinance
TXN,2025-10-21,2025-10-21 16:00:00-04:00,5.81,False,yfinance
TXN,2025-07-22,2025-07-22 16:00:00-04:00,5.81,False,yfinance
TXN,2025-04-23,2025-04-23 16:00:00-04:00,16.76,False,yfinance
TXN,2025-01-23,2025-01-23 16:00:00-05:00,8.29,False,yfinance
TXN,2024-10-22,2024-10-22 16:00:00-04:00,2.38,False,yfinance
TXN,2024-07-23,2024-07-23 16:00:00-04:00,-1.48,False,yfinance
TXN,2024-04-23,2024-04-23 16:00:00-04:00,12.41,False,yfinance
TXN,2024-01-23,2024-01-23 16:00:00-05:00,-2.1,False,yfinance
TXN,2023-10-24,2023-10-24 16:00:00-04:00,0.33,False,yfinance
TXN,2023-07-25,2023-07-25 16:00:00-04:00,5.84,False,yfinance
TXN,2023-04-25,2023-04-25 16:00:00-04:00,2.51,False,yfinance
TXN,2023-01-24,2023-01-24 16:00:00-05:00,7.92,False,yfinance
TXN,2022-10-25,2022-10-25 16:00:00-04:00,5.58,False,yfinance
TXN,2022-07-26,2022-07-26 16:00:00-04:00,17.26,False,yfinance
TXN,2022-04-26,2022-04-26 16:00:00-04:00,8.08,False,yfinance
TXN,2022-01-25,2022-01-25 16:00:00-05:00,18.97,False,yfinance
TXN,2021-10-26,2021-10-26 16:00:00-04:00,1.61,False,yfinance
TXN,2021-07-21,2021-07-21 16:00:00-04:00,13.62,False,yfinance
TXN,2021-04-27,2021-04-27 16:00:00-04:00,19.45,False,yfinance
TXN,2021-01-26,2021-01-26 16:00:00-05:00,38.01,False,yfinance
TXN,2020-10-20,2020-10-20 16:00:00-04:00,16.41,False,yfinance
MTSI,2026-08-06,2026-08-06 08:00:00-04:00,,True,yfinance
MTSI,2026-05-07,2026-05-07 07:00:00-04:00,1.6,False,yfinance
MTSI,2026-02-05,2026-02-05 07:00:00-05:00,2.23,False,yfinance
MTSI,2025-11-06,2025-11-06 07:00:00-05:00,1.22,False,yfinance
MTSI,2025-08-07,2025-08-07 07:00:00-04:00,0.38,False,yfinance
MTSI,2025-05-08,2025-05-08 07:00:00-04:00,1.1,False,yfinance
MTSI,2025-02-06,2025-02-06 07:00:00-05:00,0.72,False,yfinance
MTSI,2024-11-07,2024-11-07 07:00:00-05:00,-0.37,False,yfinance
MTSI,2024-08-01,2024-08-01 07:00:00-04:00,-0.01,False,yfinance
MTSI,2024-05-02,2024-05-02 07:00:00-04:00,0.25,False,yfinance
MTSI,2024-02-01,2024-02-01 07:00:00-05:00,2.23,False,yfinance
MTSI,2023-11-09,2023-11-09 07:00:00-05:00,1.26,False,yfinance
MTSI,2023-08-03,2023-08-03 07:00:00-04:00,0.48,False,yfinance
MTSI,2023-05-04,2023-05-04 07:00:00-04:00,1.59,False,yfinance
MTSI,2023-02-02,2023-02-02 07:00:00-05:00,1.79,False,yfinance
MTSI,2022-11-03,2022-11-03 07:00:00-04:00,1.49,False,yfinance
MTSI,2022-07-28,2022-07-28 07:00:00-04:00,4.24,False,yfinance
MTSI,2022-04-28,2022-04-28 07:00:00-04:00,2.84,False,yfinance
MTSI,2022-01-27,2022-01-27 07:00:00-05:00,3.28,False,yfinance
MTSI,2021-11-04,2021-11-04 07:00:00-04:00,4.99,False,yfinance
MTSI,2021-07-29,2021-07-29 07:00:00-04:00,8.02,False,yfinance
MTSI,2021-04-29,2021-04-29 07:00:00-04:00,7.75,False,yfinance
MTSI,2021-01-28,2021-01-28 07:00:00-05:00,8.65,False,yfinance
MTSI,2020-11-05,2020-11-05 16:00:00-05:00,5.46,False,yfinance
MTSI,2020-07-29,2020-07-29 16:00:00-04:00,55.62,False,yfinance
NFLX,2026-10-20,2026-10-20 16:00:00-04:00,,True,yfinance
NFLX,2026-07-16,2026-07-16 16:00:00-04:00,1.45,False,yfinance
NFLX,2026-04-16,2026-04-16 16:00:00-04:00,-6.93,False,yfinance
NFLX,2026-01-20,2026-01-20 16:00:00-05:00,1.43,False,yfinance
NFLX,2025-10-21,2025-10-21 16:00:00-04:00,-15.79,False,yfinance
NFLX,2025-07-17,2025-07-17 16:00:00-04:00,1.95,False,yfinance
NFLX,2025-04-17,2025-04-17 16:00:00-04:00,16.37,False,yfinance
NFLX,2025-01-21,2025-01-21 16:00:00-05:00,1.78,False,yfinance
NFLX,2024-10-17,2024-10-17 16:00:00-04:00,5.32,False,yfinance
NFLX,2024-07-18,2024-07-18 16:00:00-04:00,2.47,False,yfinance
NFLX,2024-04-18,2024-04-18 16:00:00-04:00,16.66,False,yfinance
NFLX,2024-01-23,2024-01-23 16:00:00-05:00,-4.8,False,yfinance
NFLX,2023-10-18,2023-10-18 16:00:00-04:00,6.74,False,yfinance
NFLX,2023-07-19,2023-07-19 16:00:00-04:00,15.36,False,yfinance
NFLX,2023-04-18,2023-04-18 16:00:00-04:00,0.46,False,yfinance
NFLX,2023-01-19,2023-01-19 16:00:00-05:00,-75.18,False,yfinance
NFLX,2022-10-18,2022-10-18 16:00:00-04:00,45.21,False,yfinance
NFLX,2022-07-19,2022-07-19 16:00:00-04:00,8.75,False,yfinance
NFLX,2022-04-19,2022-04-19 16:00:00-04:00,20.97,False,yfinance
NFLX,2022-01-20,2022-01-20 16:00:00-05:00,61.49,False,yfinance
NFLX,2021-10-19,2021-10-19 16:00:00-04:00,24.49,False,yfinance
NFLX,2021-07-20,2021-07-20 16:00:00-04:00,-5.91,False,yfinance
NFLX,2021-04-20,2021-04-20 16:00:00-04:00,25.48,False,yfinance
NFLX,2021-01-19,2021-01-19 16:00:00-05:00,-15.07,False,yfinance
NFLX,2020-10-20,2020-10-20 17:00:00-04:00,-18.71,False,yfinance
HWM,2026-08-06,2026-08-06 08:00:00-04:00,,True,yfinance
HWM,2026-05-07,2026-05-07 07:00:00-04:00,10.28,False,yfinance
HWM,2026-02-12,2026-02-12 07:00:00-05:00,8.7,False,yfinance
HWM,2025-10-30,2025-10-30 07:00:00-04:00,4.48,False,yfinance
HWM,2025-07-31,2025-07-31 07:00:00-04:00,4.22,False,yfinance
HWM,2025-05-01,2025-05-01 07:00:00-04:00,10.7,False,yfinance
HWM,2025-02-13,2025-02-13 07:00:00-05:00,2.81,False,yfinance
HWM,2024-11-06,2024-11-06 07:00:00-05:00,8.6,False,yfinance
HWM,2024-07-30,2024-07-30 07:00:00-04:00,11.56,False,yfinance
HWM,2024-05-02,2024-05-02 07:00:00-04:00,9.81,False,yfinance
HWM,2024-02-13,2024-02-13 07:00:00-05:00,14.25,False,yfinance
HWM,2023-11-02,2023-11-02 07:00:00-04:00,7.23,False,yfinance
HWM,2023-08-01,2023-08-01 07:00:00-04:00,1.59,False,yfinance
HWM,2023-05-02,2023-05-02 07:00:00-04:00,11.13,False,yfinance
HWM,2023-02-14,2023-02-14 07:00:00-05:00,0.57,False,yfinance
HWM,2022-10-31,2022-10-31 07:00:00-04:00,0.39,False,yfinance
HWM,2022-08-04,2022-08-04 07:00:00-04:00,6.73,False,yfinance
HWM,2022-05-03,2022-05-03 07:00:00-04:00,5.33,False,yfinance
HWM,2022-02-02,2022-02-02 07:00:00-05:00,4.13,False,yfinance
HWM,2021-11-04,2021-11-04 07:00:00-04:00,6.49,False,yfinance
HWM,2021-08-04,2021-08-04 07:00:00-04:00,1.18,False,yfinance
HWM,2021-05-06,2021-05-06 07:00:00-04:00,13.26,False,yfinance
HWM,2021-02-03,2021-02-03 07:00:00-05:00,23.53,False,yfinance
HWM,2020-11-09,2020-11-09 07:00:00-05:00,-39.19,False,yfinance
HWM,2020-08-06,2020-08-06 07:00:00-04:00,104.85,False,yfinance
NVT,2026-07-31,2026-07-31 08:00:00-04:00,,True,yfinance
NVT,2026-05-01,2026-05-01 06:00:00-04:00,15.71,False,yfinance
NVT,2026-02-06,2026-02-06 06:00:00-05:00,0.31,False,yfinance
NVT,2025-10-31,2025-10-31 06:00:00-04:00,2.94,False,yfinance
NVT,2025-08-01,2025-08-01 06:00:00-04:00,9.0,False,yfinance
NVT,2025-05-02,2025-05-02 06:00:00-04:00,0.85,False,yfinance
NVT,2025-02-06,2025-02-06 06:00:00-05:00,-0.44,False,yfinance
NVT,2024-11-01,2024-11-01 06:00:00-04:00,-22.35,False,yfinance
NVT,2024-08-06,2024-08-06 06:00:00-04:00,-0.6,False,yfinance
NVT,2024-05-03,2024-05-03 16:00:00-04:00,5.4,False,yfinance
NVT,2024-02-06,2024-02-06 06:00:00-05:00,4.53,False,yfinance
NVT,2023-10-27,2023-10-27 06:00:00-04:00,14.54,False,yfinance
NVT,2023-07-28,2023-07-28 06:00:00-04:00,12.53,False,yfinance
NVT,2023-04-28,2023-04-28 16:00:00-04:00,,False,yfinance
NVT,2023-02-07,2023-02-07 06:00:00-05:00,13.23,False,yfinance
NVT,2022-10-28,2022-10-28 17:00:00-04:00,-30.43,False,yfinance
NVT,2022-07-29,2022-07-29 16:00:00-04:00,7.42,False,yfinance
NVT,2022-04-29,2022-04-29 06:00:00-04:00,13.21,False,yfinance
NVT,2022-02-08,2022-02-08 06:00:00-05:00,3.45,False,yfinance
NVT,2021-10-28,2021-10-28 09:00:00-04:00,9.66,False,yfinance
NVT,2021-08-03,2021-08-03 06:00:00-04:00,24.55,False,yfinance
NVT,2021-04-29,2021-04-29 16:00:00-04:00,22.36,False,yfinance
NVT,2021-02-09,2021-02-09 06:00:00-05:00,2.38,False,yfinance
NVT,2020-10-30,2020-10-30 16:00:00-04:00,11.31,False,yfinance
NVT,2020-07-31,2020-07-31 08:00:00-04:00,18.37,False,yfinance
DUOL,2026-08-05,2026-08-05 16:00:00-04:00,,True,yfinance
DUOL,2026-05-05,2026-05-05 06:00:00-04:00,-10.79,False,yfinance
DUOL,2026-02-27,2026-02-27 06:00:00-05:00,-5.22,False,yfinance
DUOL,2025-11-05,2025-11-05 16:00:00-05:00,326.9,False,yfinance
DUOL,2025-08-06,2025-08-06 16:00:00-04:00,31.85,False,yfinance
DUOL,2025-05-01,2025-05-01 16:00:00-04:00,5.59,False,yfinance
DUOL,2025-02-28,2025-02-28 06:00:00-05:00,-24.49,False,yfinance
DUOL,2024-11-06,2024-11-06 16:00:00-05:00,15.29,False,yfinance
DUOL,2024-08-07,2024-08-07 16:00:00-04:00,18.81,False,yfinance
DUOL,2024-05-08,2024-05-08 16:00:00-04:00,46.19,False,yfinance
DUOL,2024-02-28,2024-02-28 16:00:00-05:00,13.04,False,yfinance
DUOL,2023-11-08,2023-11-08 16:00:00-05:00,43.57,False,yfinance
DUOL,2023-08-08,2023-08-08 16:00:00-04:00,96.76,False,yfinance
DUOL,2023-05-09,2023-05-09 16:00:00-04:00,82.44,False,yfinance
DUOL,2023-02-28,2023-02-28 16:00:00-05:00,650.02,False,yfinance
DUOL,2022-11-10,2022-11-10 16:00:00-05:00,206.79,False,yfinance
DUOL,2022-08-04,2022-08-04 16:00:00-04:00,241.8,False,yfinance
DUOL,2022-05-12,2022-05-12 16:00:00-04:00,121.89,False,yfinance
DUOL,2022-03-03,2022-03-03 16:00:00-05:00,96.06,False,yfinance
DUOL,2021-11-10,2021-11-10 16:00:00-05:00,73.68,False,yfinance
VRT,2026-07-29,2026-07-29 08:00:00-04:00,,True,yfinance
VRT,2026-04-22,2026-04-22 05:00:00-04:00,15.67,False,yfinance
VRT,2026-02-11,2026-02-11 05:00:00-05:00,4.9,False,yfinance
VRT,2025-10-22,2025-10-22 05:00:00-04:00,25.02,False,yfinance
VRT,2025-07-30,2025-07-30 05:00:00-04:00,13.89,False,yfinance
VRT,2025-04-23,2025-04-23 05:00:00-04:00,3.92,False,yfinance
VRT,2025-02-12,2025-02-12 05:00:00-05:00,20.6,False,yfinance
VRT,2024-10-23,2024-10-23 05:00:00-04:00,10.19,False,yfinance
VRT,2024-07-24,2024-07-24 06:00:00-04:00,17.03,False,yfinance
VRT,2024-04-24,2024-04-24 05:00:00-04:00,19.82,False,yfinance
VRT,2024-02-21,2024-02-21 05:00:00-05:00,4.73,False,yfinance
VRT,2023-10-25,2023-10-25 05:00:00-04:00,18.35,False,yfinance
VRT,2023-08-02,2023-08-02 05:00:00-04:00,59.38,False,yfinance
VRT,2023-04-26,2023-04-26 05:00:00-04:00,46.63,False,yfinance
VRT,2023-02-22,2023-02-22 05:00:00-05:00,-10.47,False,yfinance
VRT,2022-10-26,2022-10-26 05:00:00-04:00,12.14,False,yfinance
VRT,2022-08-03,2022-08-03 05:00:00-04:00,4.7,False,yfinance
VRT,2022-04-27,2022-04-27 06:00:00-04:00,51.44,False,yfinance
VRT,2022-02-23,2022-02-23 06:00:00-05:00,-85.62,False,yfinance
VRT,2021-10-27,2021-10-27 06:00:00-04:00,6.06,False,yfinance
VRT,2021-07-28,2021-07-28 06:00:00-04:00,30.2,False,yfinance
VRT,2021-04-28,2021-04-28 06:00:00-04:00,80.01,False,yfinance
VRT,2021-02-24,2021-02-24 06:00:00-05:00,-0.98,False,yfinance
VRT,2020-11-04,2020-11-04 06:00:00-05:00,20.47,False,yfinance
VRT,2020-08-05,2020-08-05 06:00:00-04:00,116.53,False,yfinance
CRM,2026-09-02,2026-09-02 16:00:00-04:00,,True,yfinance
CRM,2026-05-27,2026-05-27 16:00:00-04:00,24.07,False,yfinance
CRM,2026-02-25,2026-02-25 16:00:00-05:00,24.85,False,yfinance
CRM,2025-12-03,2025-12-03 16:00:00-05:00,13.55,False,yfinance
CRM,2025-09-03,2025-09-03 16:00:00-04:00,4.7,False,yfinance
CRM,2025-05-28,2025-05-28 16:00:00-04:00,1.31,False,yfinance
CRM,2025-02-26,2025-02-26 16:00:00-05:00,6.43,False,yfinance
CRM,2024-12-03,2024-12-03 16:00:00-05:00,-1.47,False,yfinance
CRM,2024-08-28,2024-08-28 16:00:00-04:00,8.63,False,yfinance
CRM,2024-05-29,2024-05-29 16:00:00-04:00,2.75,False,yfinance
CRM,2024-02-28,2024-02-28 16:00:00-05:00,0.96,False,yfinance
CRM,2023-11-29,2023-11-29 16:00:00-05:00,2.52,False,yfinance
CRM,2023-08-30,2023-08-30 16:00:00-04:00,11.45,False,yfinance
CRM,2023-05-31,2023-05-31 16:00:00-04:00,4.84,False,yfinance
CRM,2023-03-01,2023-03-01 16:00:00-05:00,23.43,False,yfinance
CRM,2022-11-30,2022-11-30 16:00:00-05:00,14.55,False,yfinance
CRM,2022-08-24,2022-08-24 16:00:00-04:00,15.75,False,yfinance
CRM,2022-05-31,2022-05-31 16:00:00-04:00,3.73,False,yfinance
CRM,2022-03-01,2022-03-01 16:00:00-05:00,11.85,False,yfinance
CRM,2021-11-30,2021-11-30 16:00:00-05:00,37.89,False,yfinance
CRM,2021-08-25,2021-08-25 16:00:00-04:00,59.49,False,yfinance
CRM,2021-05-27,2021-05-27 16:00:00-04:00,36.96,False,yfinance
CRM,2021-02-25,2021-02-25 16:00:00-05:00,38.5,False,yfinance
CRM,2020-12-01,2020-12-01 16:00:00-05:00,132.27,False,yfinance
CRM,2020-08-25,2020-08-25 16:00:00-04:00,115.91,False,yfinance
CR,2026-07-28,2026-07-28 16:00:00-04:00,,True,yfinance
CR,2026-04-27,2026-04-27 16:00:00-04:00,13.96,False,yfinance
CR,2026-01-26,2026-01-26 16:00:00-05:00,8.17,False,yfinance
CR,2025-10-27,2025-10-27 16:00:00-04:00,10.3,False,yfinance
CR,2025-07-28,2025-07-28 16:00:00-04:00,11.7,False,yfinance
CR,2025-04-28,2025-04-28 16:00:00-04:00,6.5,False,yfinance
CR,2025-01-27,2025-01-27 16:00:00-05:00,4.3,False,yfinance
CR,2024-10-28,2024-10-28 16:00:00-04:00,4.54,False,yfinance
CR,2024-07-29,2024-07-29 16:00:00-04:00,4.9,False,yfinance
CR,2024-04-22,2024-04-22 16:00:00-04:00,8.37,False,yfinance
CR,2024-01-29,2024-01-29 16:00:00-05:00,8.91,False,yfinance
CR,2023-10-23,2023-10-23 16:00:00-04:00,18.92,False,yfinance
CR,2023-07-25,2023-07-25 16:00:00-04:00,18.47,False,yfinance
CR,2023-05-10,2023-05-10 16:00:00-04:00,47.82,False,yfinance
CR,2023-01-23,2023-01-23 17:00:00-05:00,12.15,False,yfinance
CR,2022-10-24,2022-10-24 17:00:00-04:00,0.64,False,yfinance
CR,2022-07-25,2022-07-25 17:00:00-04:00,4.83,False,yfinance
CR,2022-04-25,2022-04-25 17:00:00-04:00,7.84,False,yfinance
CR,2022-01-24,2022-01-24 17:00:00-05:00,11.03,False,yfinance
CR,2021-10-25,2021-10-25 17:00:00-04:00,38.88,False,yfinance
CR,2021-07-26,2021-07-26 17:00:00-04:00,32.09,False,yfinance
CR,2021-05-03,2021-05-03 17:00:00-04:00,28.3,False,yfinance
CR,2021-01-25,2021-01-25 17:00:00-05:00,-8.98,False,yfinance
CR,2020-10-26,2020-10-26 17:00:00-04:00,30.72,False,yfinance
NTAP,2026-09-02,2026-09-02 16:00:00-04:00,,True,yfinance
NTAP,2026-05-28,2026-05-28 16:00:00-04:00,7.22,False,yfinance
NTAP,2026-02-26,2026-02-26 16:00:00-05:00,2.78,False,yfinance
NTAP,2025-11-25,2025-11-25 16:00:00-05:00,8.76,False,yfinance
NTAP,2025-08-27,2025-08-27 16:00:00-04:00,0.74,False,yfinance
NTAP,2025-05-29,2025-05-29 16:00:00-04:00,1.76,False,yfinance
NTAP,2025-02-27,2025-02-27 16:00:00-05:00,-0.13,False,yfinance
NTAP,2024-11-21,2024-11-21 16:00:00-05:00,4.88,False,yfinance
NTAP,2024-08-28,2024-08-28 16:00:00-04:00,7.34,False,yfinance
NTAP,2024-05-30,2024-05-30 16:00:00-04:00,0.72,False,yfinance
NTAP,2024-02-29,2024-02-29 16:00:00-05:00,14.95,False,yfinance
NTAP,2023-11-28,2023-11-28 16:00:00-05:00,13.37,False,yfinance
NTAP,2023-08-23,2023-08-23 16:00:00-04:00,7.31,False,yfinance
NTAP,2023-05-31,2023-05-31 16:00:00-04:00,14.52,False,yfinance
NTAP,2023-02-22,2023-02-22 16:00:00-05:00,4.29,False,yfinance
NTAP,2022-11-29,2022-11-29 16:00:00-05:00,11.35,False,yfinance
NTAP,2022-08-24,2022-08-24 16:00:00-04:00,9.41,False,yfinance
NTAP,2022-06-01,2022-06-01 16:00:00-04:00,11.14,False,yfinance
NTAP,2022-02-23,2022-02-23 16:00:00-05:00,11.87,False,yfinance
NTAP,2021-11-30,2021-11-30 16:00:00-05:00,5.54,False,yfinance
NTAP,2021-08-25,2021-08-25 16:00:00-04:00,20.62,False,yfinance
NTAP,2021-06-02,2021-06-02 16:00:00-04:00,4.45,False,yfinance
NTAP,2021-02-24,2021-02-24 16:00:00-05:00,8.68,False,yfinance
NTAP,2020-12-01,2020-12-01 16:00:00-05:00,44.11,False,yfinance
NTAP,2020-08-26,2020-08-26 16:00:00-04:00,78.77,False,yfinance
MKC,2026-10-06,2026-10-06 08:00:00-04:00,,True,yfinance
MKC,2026-06-25,2026-06-25 06:00:00-04:00,14.8,False,yfinance
MKC,2026-03-31,2026-03-31 06:00:00-04:00,10.66,False,yfinance
MKC,2026-01-22,2026-01-22 06:00:00-05:00,-1.83,False,yfinance
MKC,2025-10-07,2025-10-07 06:00:00-04:00,4.15,False,yfinance
MKC,2025-06-26,2025-06-26 06:00:00-04:00,5.7,False,yfinance
MKC,2025-03-25,2025-03-25 06:00:00-04:00,-6.85,False,yfinance
MKC,2025-01-23,2025-01-23 06:00:00-05:00,4.3,False,yfinance
MKC,2024-10-01,2024-10-01 06:00:00-04:00,23.25,False,yfinance
MKC,2024-06-27,2024-06-27 06:00:00-04:00,17.3,False,yfinance
MKC,2024-03-26,2024-03-26 06:00:00-04:00,9.87,False,yfinance
MKC,2024-01-25,2024-01-25 06:00:00-05:00,7.11,False,yfinance
MKC,2023-10-03,2023-10-03 06:00:00-04:00,-0.45,False,yfinance
MKC,2023-06-29,2023-06-29 06:00:00-04:00,4.76,False,yfinance
MKC,2023-03-28,2023-03-28 06:00:00-04:00,17.94,False,yfinance
MKC,2023-01-26,2023-01-26 06:00:00-05:00,-15.73,False,yfinance
MKC,2022-10-06,2022-10-06 06:00:00-04:00,6.34,False,yfinance
MKC,2022-06-29,2022-06-29 06:00:00-04:00,-26.12,False,yfinance
MKC,2022-03-29,2022-03-29 06:00:00-04:00,1.89,False,yfinance
MKC,2022-01-27,2022-01-27 06:00:00-05:00,4.99,False,yfinance
MKC,2021-09-30,2021-09-30 06:00:00-04:00,10.94,False,yfinance
MKC,2021-07-01,2021-07-01 06:00:00-04:00,10.44,False,yfinance
MKC,2021-03-30,2021-03-30 06:00:00-04:00,23.15,False,yfinance
MKC,2021-01-28,2021-01-28 06:00:00-05:00,-3.76,False,yfinance
MKC,2020-09-29,2020-09-29 06:00:00-04:00,0.51,False,yfinance
AMD,2026-08-04,2026-08-04 16:00:00-04:00,,True,yfinance
AMD,2026-05-05,2026-05-05 16:00:00-04:00,5.82,False,yfinance
AMD,2026-02-03,2026-02-03 16:00:00-05:00,15.98,False,yfinance
AMD,2025-11-04,2025-11-04 16:00:00-05:00,2.48,False,yfinance
AMD,2025-08-05,2025-08-05 16:00:00-04:00,-0.55,False,yfinance
AMD,2025-05-06,2025-05-06 16:00:00-04:00,2.83,False,yfinance
AMD,2025-02-04,2025-02-04 16:00:00-05:00,0.36,False,yfinance
AMD,2024-10-29,2024-10-29 16:00:00-04:00,0.46,False,yfinance
AMD,2024-07-30,2024-07-30 16:00:00-04:00,1.26,False,yfinance
AMD,2024-04-30,2024-04-30 16:00:00-04:00,2.04,False,yfinance
AMD,2024-01-30,2024-01-30 16:00:00-05:00,-0.01,False,yfinance
AMD,2023-10-31,2023-10-31 16:00:00-04:00,3.59,False,yfinance
AMD,2023-08-01,2023-08-01 16:00:00-04:00,1.05,False,yfinance
AMD,2023-05-02,2023-05-02 16:00:00-04:00,6.5,False,yfinance
AMD,2023-01-31,2023-01-31 16:00:00-05:00,2.51,False,yfinance
AMD,2022-11-01,2022-11-01 16:00:00-04:00,-4.83,False,yfinance
AMD,2022-08-02,2022-08-02 16:00:00-04:00,1.37,False,yfinance
AMD,2022-05-03,2022-05-03 16:00:00-04:00,22.23,False,yfinance
AMD,2022-02-01,2022-02-01 16:00:00-05:00,21.38,False,yfinance
AMD,2021-10-26,2021-10-26 16:00:00-04:00,10.04,False,yfinance
AMD,2021-07-27,2021-07-27 16:00:00-04:00,16.95,False,yfinance
AMD,2021-04-27,2021-04-27 16:00:00-04:00,18.31,False,yfinance
AMD,2021-01-26,2021-01-26 16:00:00-05:00,9.46,False,yfinance
AMD,2020-10-27,2020-10-27 06:00:00-04:00,15.49,False,yfinance
AMD,2020-07-28,2020-07-28 16:00:00-04:00,8.78,False,yfinance
PCTY,2026-08-04,2026-08-04 16:00:00-04:00,,True,yfinance
PCTY,2026-05-07,2026-05-07 16:00:00-04:00,11.97,False,yfinance
PCTY,2026-02-05,2026-02-05 16:00:00-05:00,15.88,False,yfinance
PCTY,2025-11-04,2025-11-04 16:00:00-05:00,11.3,False,yfinance
PCTY,2025-08-05,2025-08-05 16:00:00-04:00,15.46,False,yfinance
PCTY,2025-05-01,2025-05-01 16:00:00-04:00,14.8,False,yfinance
PCTY,2025-02-06,2025-02-06 16:00:00-05:00,6.57,False,yfinance
PCTY,2024-10-30,2024-10-30 16:00:00-04:00,17.48,False,yfinance
PCTY,2024-08-01,2024-08-01 16:00:00-04:00,14.89,False,yfinance
PCTY,2024-05-02,2024-05-02 16:00:00-04:00,11.7,False,yfinance
PCTY,2024-02-08,2024-02-08 16:00:00-05:00,16.85,False,yfinance
PCTY,2023-11-02,2023-11-02 16:00:00-04:00,24.22,False,yfinance
PCTY,2023-08-03,2023-08-03 16:00:00-04:00,16.71,False,yfinance
PCTY,2023-05-04,2023-05-04 16:00:00-04:00,13.54,False,yfinance
PCTY,2023-02-02,2023-02-02 16:00:00-05:00,52.14,False,yfinance
PCTY,2022-11-03,2022-11-03 16:00:00-04:00,52.31,False,yfinance
PCTY,2022-08-04,2022-08-04 16:00:00-04:00,50.57,False,yfinance
PCTY,2022-05-05,2022-05-05 16:00:00-04:00,33.96,False,yfinance
PCTY,2022-02-03,2022-02-03 16:00:00-05:00,53.22,False,yfinance
PCTY,2021-11-04,2021-11-04 16:00:00-04:00,53.82,False,yfinance
PCTY,2021-08-05,2021-08-05 16:00:00-04:00,55.05,False,yfinance
PCTY,2021-05-06,2021-05-06 16:00:00-04:00,32.27,False,yfinance
PCTY,2021-02-04,2021-02-04 16:00:00-05:00,54.25,False,yfinance
PCTY,2020-11-05,2020-11-05 16:00:00-05:00,161.73,False,yfinance
PCTY,2020-08-06,2020-08-06 16:00:00-04:00,151.69,False,yfinance
APH,2026-07-29,2026-07-29 08:00:00-04:00,,True,yfinance
APH,2026-04-29,2026-04-29 08:00:00-04:00,11.96,False,yfinance
APH,2026-01-28,2026-01-28 08:00:00-05:00,3.07,False,yfinance
APH,2025-10-22,2025-10-22 08:00:00-04:00,16.48,False,yfinance
APH,2025-07-23,2025-07-23 08:00:00-04:00,21.66,False,yfinance
APH,2025-04-23,2025-04-23 08:00:00-04:00,20.96,False,yfinance
APH,2025-01-22,2025-01-22 08:00:00-05:00,9.23,False,yfinance
APH,2024-10-23,2024-10-23 08:00:00-04:00,10.42,False,yfinance
APH,2024-07-24,2024-07-24 08:00:00-04:00,7.63,False,yfinance
APH,2024-04-24,2024-04-24 08:00:00-04:00,8.87,False,yfinance
APH,2024-01-24,2024-01-24 08:00:00-05:00,7.02,False,yfinance
APH,2023-10-25,2023-10-25 08:00:00-04:00,5.29,False,yfinance
APH,2023-07-26,2023-07-26 08:00:00-04:00,5.86,False,yfinance
APH,2023-04-26,2023-04-26 08:00:00-04:00,2.92,False,yfinance
APH,2023-01-25,2023-01-25 08:00:00-05:00,4.37,False,yfinance
APH,2022-10-26,2022-10-26 08:00:00-04:00,6.73,False,yfinance
APH,2022-07-27,2022-07-27 08:00:00-04:00,11.02,False,yfinance
APH,2022-04-27,2022-04-27 08:00:00-04:00,9.26,False,yfinance
APH,2022-01-26,2022-01-26 08:00:00-05:00,13.31,False,yfinance
APH,2021-10-27,2021-10-27 08:00:00-04:00,3.46,False,yfinance
APH,2021-07-28,2021-07-28 08:00:00-04:00,13.0,False,yfinance
APH,2021-04-28,2021-04-28 08:00:00-04:00,13.47,False,yfinance
APH,2021-01-27,2021-01-27 08:00:00-05:00,10.44,False,yfinance
APH,2020-10-21,2020-10-21 08:00:00-04:00,24.16,False,yfinance
APH,2020-07-22,2020-07-22 08:00:00-04:00,29.71,False,yfinance
AAOI,2026-08-06,2026-08-06 16:00:00-04:00,,True,yfinance
AAOI,2026-05-07,2026-05-07 16:00:00-04:00,-44.84,False,yfinance
AAOI,2026-02-26,2026-02-26 16:00:00-05:00,91.07,False,yfinance
AAOI,2025-11-06,2025-11-06 16:00:00-05:00,-2.27,False,yfinance
AAOI,2025-08-07,2025-08-07 16:00:00-04:00,-116.22,False,yfinance
AAOI,2025-05-08,2025-05-08 16:00:00-04:00,46.67,False,yfinance
AAOI,2025-02-26,2025-02-26 16:00:00-05:00,-14.29,False,yfinance
AAOI,2024-11-07,2024-11-07 16:00:00-05:00,-25.37,False,yfinance
AAOI,2024-08-06,2024-08-06 16:00:00-04:00,4.27,False,yfinance
AAOI,2024-05-09,2024-05-09 16:00:00-04:00,-5.98,False,yfinance
AAOI,2024-02-22,2024-02-22 16:00:00-05:00,,False,yfinance
AAOI,2023-11-09,2023-11-09 16:00:00-05:00,,False,yfinance
AAOI,2023-08-03,2023-08-03 16:00:00-04:00,24.1,False,yfinance
AAOI,2023-05-04,2023-05-04 16:00:00-04:00,-36.37,False,yfinance
AAOI,2023-02-23,2023-02-23 16:00:00-05:00,37.36,False,yfinance
AAOI,2022-11-03,2022-11-03 16:00:00-04:00,9.57,False,yfinance
AAOI,2022-08-04,2022-08-04 16:00:00-04:00,5.88,False,yfinance
AAOI,2022-05-05,2022-05-05 16:00:00-04:00,3.33,False,yfinance
AAOI,2022-02-24,2022-02-24 16:00:00-05:00,6.98,False,yfinance
AAOI,2021-11-04,2021-11-04 16:00:00-04:00,29.82,False,yfinance
AAOI,2021-08-05,2021-08-05 16:00:00-04:00,17.81,False,yfinance
AAOI,2021-05-06,2021-05-06 16:00:00-04:00,19.23,False,yfinance
AAOI,2021-02-25,2021-02-25 16:00:00-05:00,13.76,False,yfinance
AAOI,2020-11-05,2020-11-05 16:00:00-05:00,29.07,False,yfinance
AAOI,2020-08-06,2020-08-06 16:00:00-04:00,5.09,False,yfinance
GIS,2026-09-23,2026-09-23 08:00:00-04:00,,True,yfinance
GIS,2026-07-01,2026-07-01 07:00:00-04:00,19.21,False,yfinance
GIS,2026-03-18,2026-03-18 07:00:00-04:00,-12.14,False,yfinance
GIS,2025-12-17,2025-12-17 07:00:00-05:00,7.09,False,yfinance
GIS,2025-09-17,2025-09-17 07:00:00-04:00,5.45,False,yfinance
GIS,2025-06-25,2025-06-25 07:00:00-04:00,4.14,False,yfinance
GIS,2025-03-19,2025-03-19 07:00:00-04:00,4.02,False,yfinance
GIS,2024-12-18,2024-12-18 07:00:00-05:00,15.03,False,yfinance
GIS,2024-09-18,2024-09-18 07:00:00-04:00,0.98,False,yfinance
GIS,2024-06-26,2024-06-26 07:00:00-04:00,1.55,False,yfinance
GIS,2024-03-20,2024-03-20 07:00:00-04:00,11.92,False,yfinance
GIS,2023-12-20,2023-12-20 07:00:00-05:00,7.95,False,yfinance
GIS,2023-09-20,2023-09-20 07:00:00-04:00,0.8,False,yfinance
GIS,2023-06-28,2023-06-28 07:00:00-04:00,5.33,False,yfinance
GIS,2023-03-23,2023-03-23 07:00:00-04:00,5.13,False,yfinance
GIS,2022-12-20,2022-12-20 07:00:00-05:00,3.33,False,yfinance
GIS,2022-09-21,2022-09-21 07:00:00-04:00,10.81,False,yfinance
GIS,2022-06-29,2022-06-29 07:00:00-04:00,11.06,False,yfinance
GIS,2022-03-23,2022-03-23 07:00:00-04:00,7.56,False,yfinance
GIS,2021-12-21,2021-12-21 07:00:00-05:00,-5.73,False,yfinance
GIS,2021-09-22,2021-09-22 07:00:00-04:00,11.44,False,yfinance
GIS,2021-06-30,2021-06-30 07:00:00-04:00,7.58,False,yfinance
GIS,2021-03-24,2021-03-24 07:00:00-04:00,-2.16,False,yfinance
GIS,2020-12-17,2020-12-17 07:00:00-05:00,9.34,False,yfinance
GIS,2020-09-23,2020-09-23 07:00:00-04:00,14.67,False,yfinance
MO,2026-07-30,2026-07-30 08:00:00-04:00,,True,yfinance
MO,2026-04-30,2026-04-30 07:00:00-04:00,5.92,False,yfinance
MO,2026-01-29,2026-01-29 07:00:00-05:00,-1.33,False,yfinance
MO,2025-10-30,2025-10-30 07:00:00-04:00,0.13,False,yfinance
MO,2025-07-30,2025-07-30 07:00:00-04:00,3.99,False,yfinance
MO,2025-04-29,2025-04-29 07:00:00-04:00,3.52,False,yfinance
MO,2025-01-30,2025-01-30 07:00:00-05:00,0.85,False,yfinance
MO,2024-10-31,2024-10-31 07:00:00-04:00,2.25,False,yfinance
MO,2024-07-31,2024-07-31 07:00:00-04:00,-2.56,False,yfinance
MO,2024-04-25,2024-04-25 07:00:00-04:00,-0.06,False,yfinance
MO,2024-02-01,2024-02-01 07:00:00-05:00,0.41,False,yfinance
MO,2023-10-26,2023-10-26 07:00:00-04:00,-1.25,False,yfinance
MO,2023-08-01,2023-08-01 07:00:00-04:00,0.77,False,yfinance
MO,2023-04-27,2023-04-27 07:00:00-04:00,0.51,False,yfinance
MO,2023-02-01,2023-02-01 07:00:00-05:00,1.79,False,yfinance
MO,2022-10-27,2022-10-27 07:00:00-04:00,-1.82,False,yfinance
MO,2022-07-28,2022-07-28 07:00:00-04:00,0.77,False,yfinance
MO,2022-04-28,2022-04-28 07:00:00-04:00,2.52,False,yfinance
MO,2022-01-27,2022-01-27 07:00:00-05:00,0.64,False,yfinance
MO,2021-10-28,2021-10-28 07:00:00-04:00,-3.01,False,yfinance
MO,2021-07-29,2021-07-29 07:00:00-04:00,4.73,False,yfinance
MO,2021-04-29,2021-04-29 07:00:00-04:00,2.08,False,yfinance
MO,2021-01-28,2021-01-28 07:00:00-05:00,-2.85,False,yfinance
MO,2020-10-30,2020-10-30 07:00:00-04:00,2.89,False,yfinance
MO,2020-07-28,2020-07-28 07:00:00-04:00,2.85,False,yfinance
EMR,2026-08-04,2026-08-04 16:00:00-04:00,,True,yfinance
EMR,2026-05-05,2026-05-05 16:00:00-04:00,0.44,False,yfinance
EMR,2026-02-03,2026-02-03 16:00:00-05:00,3.39,False,yfinance
EMR,2025-11-05,2025-11-05 06:00:00-05:00,0.28,False,yfinance
EMR,2025-08-06,2025-08-06 06:00:00-04:00,0.69,False,yfinance
EMR,2025-05-07,2025-05-07 06:00:00-04:00,4.6,False,yfinance
EMR,2025-02-05,2025-02-05 06:00:00-05:00,8.03,False,yfinance
EMR,2024-11-05,2024-11-05 06:00:00-05:00,0.69,False,yfinance
EMR,2024-08-07,2024-08-07 06:00:00-04:00,1.12,False,yfinance
EMR,2024-05-08,2024-05-08 06:00:00-04:00,8.47,False,yfinance
EMR,2024-02-07,2024-02-07 06:00:00-05:00,17.09,False,yfinance
EMR,2023-11-07,2023-11-07 06:00:00-05:00,-1.37,False,yfinance
EMR,2023-08-02,2023-08-02 06:00:00-04:00,16.92,False,yfinance
EMR,2023-05-03,2023-05-03 06:00:00-04:00,12.18,False,yfinance
EMR,2023-02-08,2023-02-08 06:00:00-05:00,-10.61,False,yfinance
EMR,2022-10-31,2022-10-31 06:00:00-04:00,10.01,False,yfinance
EMR,2022-08-09,2022-08-09 06:00:00-04:00,6.66,False,yfinance
EMR,2022-05-04,2022-05-04 06:00:00-04:00,9.61,False,yfinance
EMR,2022-02-02,2022-02-02 06:00:00-05:00,4.35,False,yfinance
EMR,2021-11-03,2021-11-03 06:00:00-04:00,2.55,False,yfinance
EMR,2021-08-04,2021-08-04 06:00:00-04:00,11.91,False,yfinance
EMR,2021-05-05,2021-05-05 06:00:00-04:00,7.62,False,yfinance
EMR,2021-02-02,2021-02-02 07:00:00-05:00,22.01,False,yfinance
EMR,2020-11-03,2020-11-03 06:00:00-05:00,16.58,False,yfinance
EMR,2020-08-04,2020-08-04 06:00:00-04:00,35.99,False,yfinance
PG,2026-07-29,2026-07-29 08:00:00-04:00,,True,yfinance
PG,2026-04-24,2026-04-24 07:00:00-04:00,2.22,False,yfinance
PG,2026-01-22,2026-01-22 07:00:00-05:00,1.25,False,yfinance
PG,2025-10-24,2025-10-24 07:00:00-04:00,4.92,False,yfinance
PG,2025-07-29,2025-07-29 07:00:00-04:00,4.14,False,yfinance
PG,2025-04-24,2025-04-24 07:00:00-04:00,0.93,False,yfinance
PG,2025-01-22,2025-01-22 07:00:00-05:00,1.1,False,yfinance
PG,2024-10-18,2024-10-18 06:00:00-04:00,1.75,False,yfinance
PG,2024-07-30,2024-07-30 07:00:00-04:00,1.92,False,yfinance
PG,2024-04-19,2024-04-19 06:00:00-04:00,7.48,False,yfinance
PG,2024-01-23,2024-01-23 06:00:00-05:00,8.28,False,yfinance
PG,2023-10-18,2023-10-18 06:00:00-04:00,6.34,False,yfinance
PG,2023-07-28,2023-07-28 06:00:00-04:00,3.48,False,yfinance
PG,2023-04-21,2023-04-21 06:00:00-04:00,3.46,False,yfinance
PG,2023-01-19,2023-01-19 07:00:00-05:00,-0.01,False,yfinance
PG,2022-10-19,2022-10-19 07:00:00-04:00,1.41,False,yfinance
PG,2022-07-29,2022-07-29 06:00:00-04:00,-1.43,False,yfinance
PG,2022-04-20,2022-04-20 06:00:00-04:00,2.88,False,yfinance
PG,2022-01-19,2022-01-19 06:00:00-05:00,0.41,False,yfinance
PG,2021-10-19,2021-10-19 07:00:00-04:00,1.2,False,yfinance
PG,2021-07-30,2021-07-30 06:00:00-04:00,4.13,False,yfinance
PG,2021-04-20,2021-04-20 07:00:00-04:00,6.1,False,yfinance
PG,2021-01-20,2021-01-20 07:00:00-05:00,8.8,False,yfinance
PG,2020-10-20,2020-10-20 07:00:00-04:00,14.89,False,yfinance
PG,2020-07-30,2020-07-30 07:00:00-04:00,14.38,False,yfinance
KO,2026-07-28,2026-07-28 08:00:00-04:00,,True,yfinance
KO,2026-04-28,2026-04-28 07:00:00-04:00,5.88,False,yfinance
KO,2026-02-10,2026-02-10 06:00:00-05:00,2.69,False,yfinance
KO,2025-10-21,2025-10-21 06:00:00-04:00,5.32,False,yfinance
KO,2025-07-22,2025-07-22 07:00:00-04:00,3.93,False,yfinance
KO,2025-04-29,2025-04-29 06:00:00-04:00,1.95,False,yfinance
KO,2025-02-11,2025-02-11 06:00:00-05:00,6.38,False,yfinance
KO,2024-10-23,2024-10-23 06:00:00-04:00,3.18,False,yfinance
KO,2024-07-23,2024-07-23 06:00:00-04:00,4.26,False,yfinance
KO,2024-04-30,2024-04-30 06:00:00-04:00,3.4,False,yfinance
KO,2024-02-13,2024-02-13 06:00:00-05:00,0.33,False,yfinance
KO,2023-10-24,2023-10-24 06:00:00-04:00,6.49,False,yfinance
KO,2023-07-26,2023-07-26 06:00:00-04:00,8.14,False,yfinance
KO,2023-04-24,2023-04-24 06:00:00-04:00,5.4,False,yfinance
KO,2023-02-14,2023-02-14 06:00:00-05:00,0.18,False,yfinance
KO,2022-10-25,2022-10-25 06:00:00-04:00,8.32,False,yfinance
KO,2022-07-26,2022-07-26 07:00:00-04:00,4.69,False,yfinance
KO,2022-04-25,2022-04-25 06:00:00-04:00,10.44,False,yfinance
KO,2022-02-10,2022-02-10 06:00:00-05:00,9.35,False,yfinance
KO,2021-10-27,2021-10-27 06:00:00-04:00,12.2,False,yfinance
KO,2021-07-21,2021-07-21 07:00:00-04:00,20.51,False,yfinance
KO,2021-04-19,2021-04-19 07:00:00-04:00,9.06,False,yfinance
KO,2021-02-10,2021-02-10 06:00:00-05:00,12.45,False,yfinance
KO,2020-10-22,2020-10-22 06:00:00-04:00,18.92,False,yfinance
KO,2020-07-21,2020-07-21 06:00:00-04:00,2.37,False,yfinance
COST,2026-09-24,2026-09-24 16:00:00-04:00,,True,yfinance
COST,2026-05-28,2026-05-28 16:00:00-04:00,-0.85,False,yfinance
COST,2026-03-05,2026-03-05 16:00:00-05:00,0.71,False,yfinance
COST,2025-12-11,2025-12-11 16:00:00-05:00,5.49,False,yfinance
COST,2025-09-25,2025-09-25 16:00:00-04:00,1.13,False,yfinance
COST,2025-05-29,2025-05-29 16:00:00-04:00,1.23,False,yfinance
COST,2025-03-06,2025-03-06 16:00:00-05:00,-1.85,False,yfinance
COST,2024-12-12,2024-12-12 16:00:00-05:00,6.43,False,yfinance
COST,2024-09-26,2024-09-26 16:00:00-04:00,1.41,False,yfinance
COST,2024-06-06,2024-06-06 06:00:00-04:00,0.43,False,yfinance
COST,2024-03-07,2024-03-07 16:00:00-05:00,2.02,False,yfinance
COST,2023-12-14,2023-12-14 16:00:00-05:00,4.83,False,yfinance
COST,2023-09-26,2023-09-26 16:00:00-04:00,1.76,False,yfinance
COST,2023-06-01,2023-06-01 06:00:00-04:00,-14.54,False,yfinance
COST,2023-03-02,2023-03-02 16:00:00-05:00,2.25,False,yfinance
COST,2022-12-08,2022-12-08 16:00:00-05:00,-1.98,False,yfinance
COST,2022-09-22,2022-09-22 16:00:00-04:00,-0.08,False,yfinance
COST,2022-05-26,2022-05-26 16:00:00-04:00,4.95,False,yfinance
COST,2022-03-03,2022-03-03 16:00:00-05:00,4.62,False,yfinance
COST,2021-12-09,2021-12-09 16:00:00-05:00,12.55,False,yfinance
COST,2021-09-23,2021-09-23 16:00:00-04:00,4.93,False,yfinance
COST,2021-05-27,2021-05-27 16:00:00-04:00,20.71,False,yfinance
COST,2021-03-04,2021-03-04 16:00:00-05:00,-12.02,False,yfinance
COST,2020-12-10,2020-12-10 16:00:00-05:00,12.32,False,yfinance
COST,2020-09-24,2020-09-24 16:00:00-04:00,11.26,False,yfinance
CPB,2026-09-09,2026-09-09 08:00:00-04:00,,True,yfinance
CPB,2026-06-08,2026-06-08 07:00:00-04:00,4.5,False,yfinance
CPB,2026-03-11,2026-03-11 07:00:00-04:00,-10.63,False,yfinance
CPB,2025-12-09,2025-12-09 07:00:00-05:00,4.97,False,yfinance
CPB,2025-09-03,2025-09-03 07:00:00-04:00,9.04,False,yfinance
CPB,2025-06-02,2025-06-02 07:00:00-04:00,11.39,False,yfinance
CPB,2025-03-05,2025-03-05 07:00:00-05:00,2.28,False,yfinance
CPB,2024-12-03,2024-12-03 16:00:00-05:00,1.93,False,yfinance
CPB,2024-08-29,2024-08-29 07:00:00-04:00,1.6,False,yfinance
CPB,2024-06-05,2024-06-05 07:00:00-04:00,7.5,False,yfinance
CPB,2024-03-06,2024-03-06 07:00:00-05:00,3.94,False,yfinance
CPB,2023-12-06,2023-12-06 07:00:00-05:00,3.82,False,yfinance
CPB,2023-08-31,2023-08-31 07:00:00-04:00,-0.47,False,yfinance
CPB,2023-06-07,2023-06-07 07:00:00-04:00,4.74,False,yfinance
CPB,2023-03-08,2023-03-08 07:00:00-05:00,8.27,False,yfinance
CPB,2022-12-07,2022-12-07 07:00:00-05:00,18.73,False,yfinance
CPB,2022-09-01,2022-09-01 07:00:00-04:00,-0.58,False,yfinance
CPB,2022-06-08,2022-06-08 07:00:00-04:00,14.03,False,yfinance
CPB,2022-03-09,2022-03-09 07:00:00-05:00,0.82,False,yfinance
CPB,2021-12-08,2021-12-08 07:00:00-05:00,9.86,False,yfinance
CPB,2021-09-01,2021-09-01 07:00:00-04:00,17.48,False,yfinance
CPB,2021-06-09,2021-06-09 07:00:00-04:00,-13.64,False,yfinance
CPB,2021-03-10,2021-03-10 07:00:00-05:00,1.56,False,yfinance
CPB,2020-12-09,2020-12-09 07:00:00-05:00,12.34,False,yfinance
CPB,2020-09-02,2020-09-02 20:00:00-04:00,4.49,False,yfinance
PM,2026-10-21,2026-10-21 08:00:00-04:00,,True,yfinance
PM,2026-07-22,2026-07-22 07:00:00-04:00,7.31,False,yfinance
PM,2026-04-22,2026-04-22 07:00:00-04:00,7.07,False,yfinance
PM,2026-02-06,2026-02-06 07:00:00-05:00,,False,yfinance
PM,2025-10-21,2025-10-21 07:00:00-04:00,6.88,False,yfinance
PM,2025-07-22,2025-07-22 07:00:00-04:00,2.8,False,yfinance
PM,2025-04-23,2025-04-23 06:00:00-04:00,4.79,False,yfinance
PM,2025-02-06,2025-02-06 06:00:00-05:00,3.42,False,yfinance
PM,2024-10-22,2024-10-22 07:00:00-04:00,4.9,False,yfinance
PM,2024-07-23,2024-07-23 07:00:00-04:00,2.03,False,yfinance
PM,2024-04-23,2024-04-23 06:00:00-04:00,6.47,False,yfinance
PM,2024-02-08,2024-02-08 07:00:00-05:00,-6.28,False,yfinance
PM,2023-10-19,2023-10-19 06:00:00-04:00,3.48,False,yfinance
PM,2023-07-20,2023-07-20 06:00:00-04:00,8.36,False,yfinance
PM,2023-04-20,2023-04-20 06:00:00-04:00,2.64,False,yfinance
PM,2023-02-09,2023-02-09 06:00:00-05:00,8.87,False,yfinance
PM,2022-10-20,2022-10-20 06:00:00-04:00,12.56,False,yfinance
PM,2022-07-21,2022-07-21 06:00:00-04:00,18.47,False,yfinance
PM,2022-04-21,2022-04-21 06:00:00-04:00,4.42,False,yfinance
PM,2022-02-10,2022-02-10 06:00:00-05:00,1.71,False,yfinance
PM,2021-10-19,2021-10-19 06:00:00-04:00,1.4,False,yfinance
PM,2021-07-20,2021-07-20 06:00:00-04:00,1.47,False,yfinance
PM,2021-04-20,2021-04-20 06:00:00-04:00,12.9,False,yfinance
PM,2021-02-04,2021-02-04 07:00:00-05:00,3.9,False,yfinance
PM,2020-10-20,2020-10-20 06:00:00-04:00,4.45,False,yfinance
COTY,2026-08-20,2026-08-20 16:00:00-04:00,,True,yfinance
COTY,2026-05-05,2026-05-05 16:00:00-04:00,-728.73,False,yfinance
COTY,2026-02-05,2026-02-05 16:00:00-05:00,-24.17,False,yfinance
COTY,2025-11-05,2025-11-05 16:00:00-05:00,-19.43,False,yfinance
COTY,2025-08-20,2025-08-20 16:00:00-04:00,-410.37,False,yfinance
COTY,2025-05-06,2025-05-06 16:00:00-04:00,-81.02,False,yfinance
COTY,2025-02-10,2025-02-10 16:00:00-05:00,-47.87,False,yfinance
COTY,2024-11-06,2024-11-06 16:00:00-05:00,-18.95,False,yfinance
COTY,2024-08-20,2024-08-20 16:00:00-04:00,-180.54,False,yfinance
COTY,2024-05-06,2024-05-06 16:00:00-04:00,-16.98,False,yfinance
COTY,2024-02-07,2024-02-07 16:00:00-05:00,28.69,False,yfinance
COTY,2023-11-07,2023-11-07 16:00:00-05:00,-47.3,False,yfinance
COTY,2023-08-22,2023-08-22 06:00:00-04:00,-41.42,False,yfinance
COTY,2023-05-09,2023-05-09 06:00:00-04:00,324.2,False,yfinance
COTY,2023-02-08,2023-02-08 06:00:00-05:00,42.14,False,yfinance
COTY,2022-11-08,2022-11-08 06:00:00-05:00,-5.34,False,yfinance
COTY,2022-08-25,2022-08-25 06:00:00-04:00,-19.05,False,yfinance
COTY,2022-05-09,2022-05-09 06:00:00-04:00,152.95,False,yfinance
COTY,2022-02-08,2022-02-08 06:00:00-05:00,51.66,False,yfinance
COTY,2021-11-08,2021-11-08 06:00:00-05:00,214.47,False,yfinance
COTY,2021-08-26,2021-08-26 06:00:00-04:00,-65.41,False,yfinance
COTY,2021-05-10,2021-05-10 07:00:00-04:00,-100.0,True,yfinance
COTY,2021-02-09,2021-02-09 06:00:00-05:00,124.66,False,yfinance
COTY,2020-11-06,2020-11-06 06:00:00-05:00,247.61,False,yfinance
COTY,2020-08-27,2020-08-27 06:00:00-04:00,-353.9,False,yfinance
FBIN,2026-08-04,2026-08-04 16:00:00-04:00,,True,yfinance
FBIN,2026-05-07,2026-05-07 16:00:00-04:00,-0.29,False,yfinance
FBIN,2026-02-12,2026-02-12 16:00:00-05:00,-13.73,False,yfinance
FBIN,2025-10-30,2025-10-30 16:00:00-04:00,-1.58,False,yfinance
FBIN,2025-07-31,2025-07-31 16:00:00-04:00,2.62,False,yfinance
FBIN,2025-05-06,2025-05-06 16:00:00-04:00,0.62,False,yfinance
FBIN,2025-02-06,2025-02-06 16:00:00-05:00,-6.82,False,yfinance
FBIN,2024-11-06,2024-11-06 16:00:00-05:00,1.83,False,yfinance
FBIN,2024-07-25,2024-07-25 16:00:00-04:00,3.51,False,yfinance
FBIN,2024-04-30,2024-04-30 16:00:00-04:00,10.99,False,yfinance
FBIN,2024-01-30,2024-01-30 16:00:00-05:00,2.21,False,yfinance
FBIN,2023-10-25,2023-10-25 16:00:00-04:00,9.0,False,yfinance
FBIN,2023-07-27,2023-07-27 16:00:00-04:00,4.39,False,yfinance
FBIN,2023-04-26,2023-04-26 16:00:00-04:00,16.18,False,yfinance
FBIN,2023-02-16,2023-02-16 16:00:00-05:00,2.91,False,yfinance
FBIN,2022-10-26,2022-10-26 16:00:00-04:00,4.43,False,yfinance
FBIN,2022-07-27,2022-07-27 16:00:00-04:00,4.71,False,yfinance
FBIN,2022-04-28,2022-04-28 16:00:00-04:00,4.16,False,yfinance
FBIN,2022-02-02,2022-02-02 16:00:00-05:00,2.09,False,yfinance
FBIN,2021-10-26,2021-10-26 16:00:00-04:00,8.06,False,yfinance
FBIN,2021-07-28,2021-07-28 16:00:00-04:00,11.99,False,yfinance
FBIN,2021-04-29,2021-04-29 16:00:00-04:00,29.6,False,yfinance
FBIN,2021-02-02,2021-02-02 16:00:00-05:00,6.83,False,yfinance
FBIN,2020-10-28,2020-10-28 16:00:00-04:00,12.7,False,yfinance
FBIN,2020-07-29,2020-07-29 16:00:00-04:00,57.06,False,yfinance
FOXA,2026-08-06,2026-08-06 08:00:00-04:00,,True,yfinance
FOXA,2026-05-11,2026-05-11 08:00:00-04:00,36.35,False,yfinance
FOXA,2026-02-04,2026-02-04 08:00:00-05:00,58.6,False,yfinance
FOXA,2025-10-30,2025-10-30 07:00:00-04:00,37.42,False,yfinance
FOXA,2025-08-05,2025-08-05 08:00:00-04:00,27.28,False,yfinance
FOXA,2025-05-12,2025-05-12 08:00:00-04:00,22.62,False,yfinance
FOXA,2025-02-04,2025-02-04 08:00:00-05:00,50.24,False,yfinance
FOXA,2024-11-04,2024-11-04 08:00:00-05:00,27.05,False,yfinance
FOXA,2024-08-06,2024-08-06 07:00:00-04:00,11.03,False,yfinance
FOXA,2024-05-08,2024-05-08 08:00:00-04:00,13.68,False,yfinance
FOXA,2024-02-07,2024-02-07 08:00:00-05:00,173.75,False,yfinance
FOXA,2023-11-02,2023-11-02 07:00:00-04:00,8.81,False,yfinance
FOXA,2023-08-08,2023-08-08 08:00:00-04:00,22.46,False,yfinance
FOXA,2023-05-09,2023-05-09 08:00:00-04:00,7.33,False,yfinance
FOXA,2023-02-08,2023-02-08 08:00:00-05:00,1.07,False,yfinance
FOXA,2022-11-01,2022-11-01 08:00:00-04:00,5.93,False,yfinance
FOXA,2022-08-10,2022-08-10 08:00:00-04:00,-2.47,False,yfinance
FOXA,2022-05-10,2022-05-10 08:00:00-04:00,-7.88,False,yfinance
FOXA,2022-02-09,2022-02-09 08:00:00-05:00,183.6,False,yfinance
FOXA,2021-11-03,2021-11-03 16:00:00-04:00,7.65,False,yfinance
FOXA,2021-08-04,2021-08-04 16:00:00-04:00,12.43,False,yfinance
FOXA,2021-05-05,2021-05-05 16:00:00-04:00,53.08,False,yfinance
FOXA,2021-02-09,2021-02-09 08:00:00-05:00,504.35,False,yfinance
FOXA,2020-11-03,2020-11-03 08:00:00-05:00,58.9,False,yfinance
FOXA,2020-08-04,2020-08-04 16:00:00-04:00,6.61,False,yfinance
FOX,2026-08-06,2026-08-06 08:00:00-04:00,,True,yfinance
FOX,2026-05-11,2026-05-11 08:00:00-04:00,22.22,False,yfinance
FOX,2026-02-04,2026-02-04 08:00:00-05:00,51.85,False,yfinance
FOX,2025-10-30,2025-10-30 07:00:00-04:00,38.53,False,yfinance
FOX,2025-08-05,2025-08-05 08:00:00-04:00,22.12,False,yfinance
FOX,2025-05-12,2025-05-12 08:00:00-04:00,26.44,False,yfinance
FOX,2025-02-04,2025-02-04 08:00:00-05:00,54.84,False,yfinance
FOX,2024-11-04,2024-11-04 08:00:00-05:00,26.09,False,yfinance
FOX,2024-08-06,2024-08-06 07:00:00-04:00,12.5,False,yfinance
FOX,2024-05-08,2024-05-08 08:00:00-04:00,13.54,False,yfinance
FOX,2024-02-07,2024-02-07 08:00:00-05:00,183.33,False,yfinance
FOX,2023-11-02,2023-11-02 07:00:00-04:00,21.11,False,yfinance
FOX,2023-08-08,2023-08-08 08:00:00-04:00,22.22,False,yfinance
FOX,2023-05-09,2023-05-09 08:00:00-04:00,9.3,False,yfinance
FOX,2023-02-08,2023-02-08 08:00:00-05:00,11.63,False,yfinance
FOX,2022-11-01,2022-11-01 08:00:00-04:00,8.04,False,yfinance
FOX,2022-08-10,2022-08-10 08:00:00-04:00,,False,yfinance
FOX,2022-05-10,2022-05-10 08:00:00-04:00,12.5,False,yfinance
FOX,2022-02-09,2022-02-09 08:00:00-05:00,316.67,False,yfinance
FOX,2020-05-06,2020-05-06 17:00:00-04:00,-82.89,False,yfinance
FOX,2020-02-05,2020-02-05 16:00:00-05:00,1100.0,False,yfinance
FOX,2019-11-06,2019-11-06 16:00:00-05:00,9.59,False,yfinance
FOX,2019-08-07,2019-08-07 16:00:00-04:00,15.87,False,yfinance
NWSA,2026-08-05,2026-08-05 16:00:00-04:00,,True,yfinance
NWSA,2026-05-07,2026-05-07 16:00:00-04:00,5.46,False,yfinance
NWSA,2026-02-05,2026-02-05 16:00:00-05:00,6.92,False,yfinance
NWSA,2025-11-06,2025-11-06 16:00:00-05:00,16.76,False,yfinance
NWSA,2025-08-05,2025-08-05 16:00:00-04:00,5.56,False,yfinance
NWSA,2025-05-08,2025-05-08 16:00:00-04:00,27.5,False,yfinance
NWSA,2025-02-05,2025-02-05 16:00:00-05:00,5.74,False,yfinance
NWSA,2024-11-07,2024-11-07 16:00:00-05:00,40.0,False,yfinance
NWSA,2024-08-08,2024-08-08 16:00:00-04:00,6.25,False,yfinance
NWSA,2024-05-08,2024-05-08 16:00:00-04:00,-12.0,False,yfinance
NWSA,2024-02-07,2024-02-07 16:00:00-05:00,23.81,False,yfinance
NWSA,2023-11-09,2023-11-09 11:00:00-05:00,71.43,False,yfinance
NWSA,2023-08-10,2023-08-10 16:00:00-04:00,100.0,False,yfinance
NWSA,2023-05-11,2023-05-11 16:00:00-04:00,125.0,False,yfinance
NWSA,2023-02-09,2023-02-09 16:00:00-05:00,-22.22,False,yfinance
NWSA,2022-11-08,2022-11-08 16:00:00-05:00,-7.69,False,yfinance
NWSA,2022-08-08,2022-08-08 16:00:00-04:00,344.02,False,yfinance
NWSA,2022-05-05,2022-05-05 18:00:00-04:00,9.09,False,yfinance
NWSA,2022-02-03,2022-02-03 16:00:00-05:00,45.06,False,yfinance
NWSA,2021-11-04,2021-11-04 16:00:00-04:00,53.33,False,yfinance
NWSA,2021-08-05,2021-08-05 16:00:00-04:00,184.04,False,yfinance
NWSA,2021-05-06,2021-05-06 16:00:00-04:00,91.04,False,yfinance
NWSA,2021-02-04,2021-02-04 16:00:00-05:00,271.91,False,yfinance
NWSA,2020-11-05,2020-11-05 16:00:00-05:00,512.37,False,yfinance
NWSA,2020-08-06,2020-08-06 16:00:00-04:00,66.57,False,yfinance
NWS,2026-08-05,2026-08-05 16:00:00-04:00,,True,yfinance
NWS,2026-05-07,2026-05-07 16:00:00-04:00,5.46,False,yfinance
NWS,2026-02-05,2026-02-05 16:00:00-05:00,6.92,False,yfinance
NWS,2025-11-06,2025-11-06 16:00:00-05:00,16.76,False,yfinance
NWS,2025-08-05,2025-08-05 16:00:00-04:00,5.56,False,yfinance
NWS,2025-05-08,2025-05-08 16:00:00-04:00,27.5,False,yfinance
NWS,2025-02-05,2025-02-05 16:00:00-05:00,5.74,False,yfinance
NWS,2024-11-07,2024-11-07 16:00:00-05:00,40.0,False,yfinance
NWS,2024-08-08,2024-08-08 16:00:00-04:00,6.25,False,yfinance
NWS,2024-05-08,2024-05-08 16:00:00-04:00,-12.0,False,yfinance
NWS,2024-02-07,2024-02-07 16:00:00-05:00,23.81,False,yfinance
NWS,2023-11-09,2023-11-09 11:00:00-05:00,71.43,False,yfinance
NWS,2023-08-10,2023-08-10 16:00:00-04:00,100.0,False,yfinance
NWS,2023-05-11,2023-05-11 16:00:00-04:00,125.0,False,yfinance
NWS,2023-02-09,2023-02-09 16:00:00-05:00,-22.22,False,yfinance
NWS,2022-11-08,2022-11-08 16:00:00-05:00,-7.69,False,yfinance
NWS,2022-08-08,2022-08-08 16:00:00-04:00,344.02,False,yfinance
NWS,2022-05-05,2022-05-05 18:00:00-04:00,9.09,False,yfinance
NWS,2022-02-03,2022-02-03 16:00:00-05:00,45.06,False,yfinance
NWS,2021-11-04,2021-11-04 16:00:00-04:00,53.33,False,yfinance
NWS,2021-08-05,2021-08-05 16:00:00-04:00,184.04,False,yfinance
NWS,2021-05-06,2021-05-06 16:00:00-04:00,91.04,False,yfinance
NWS,2021-02-04,2021-02-04 16:00:00-05:00,257.07,False,yfinance
NWS,2020-11-05,2020-11-05 16:00:00-05:00,516.67,False,yfinance
NWS,2020-08-06,2020-08-06 16:00:00-04:00,66.57,False,yfinance
